"Gene_ID","Orthogroup","log2FoldChange","adjusted_pvalue","eggNOG_ortholog","GO_terms","KEGG_ko","KEGG_pathway","COG_category","Description"
"twi1","OG0000316",5.01693544956753,0.000781917025558069,"4081.Solyc01g107820.2.1","","","","CG","Belongs to the UDP-glycosyltransferase family"
"P69B","OG0016637",4.26488564993999,0.000781917025558069,"4081.Solyc08g079870.1.1","","","","G","Subtilisin-like protease"
"LOC100191111","OG0000570",3.26466535939212,0.00961034717854575,"4081.Solyc01g106620.2.1","","ko:K13449","ko04016,ko04075,ko04626,map04016,map04075,map04626","S","Belongs to the CRISP family"
"LOC101244399","OG0030142",4.78436545899668,0.0129862124485162,"4081.Solyc08g068870.2.1","","ko:K01379,ko:K01381","ko04071,ko04138,ko04140,ko04142,ko04210,ko04915,ko05152,map04071,map04138,map04140,map04142,map04210,map04915,map05152","O","Protein ASPARTIC PROTEASE IN GUARD CELL"
"unassigned_gene_4",NA,-1.9506767860832,0.0129862124485162,NA,NA,NA,NA,NA,NA
"LOC543878","OG0000922",4.45421402429623,0.013239941855063,"4081.Solyc08g080670.1.1","GO:0002376,GO:0005575,GO:0005622,GO:0005623,GO:0005737,GO:0006950,GO:0006952,GO:0006955,GO:0006970,GO:0008150,GO:0009605,GO:0009607,GO:0009617,GO:0009620,GO:0009628,GO:0009651,GO:0009814,GO:0009816,GO:0009817,GO:0042742,GO:0043207,GO:0044424,GO:0044464,GO:0045087,GO:0050832,GO:0050896,GO:0051704,GO:0051707,GO:0098542","","","O","Osmotin-like protein"
"LOC101265539","OG0000037",5.60748365638502,0.0160510677509398,"4081.Solyc04g074000.2.1","","","","T","LRR receptor-like serine threonine-protein kinase At4g08850"
"CHI9","OG0004162",2.97158783278877,0.0160510677509398,"4081.Solyc10g055810.1.1","","ko:K01183,ko:K20547","ko00520,ko01100,ko04016,map00520,map01100,map04016","O","endochitinase"
"Lehsr203","OG0005887",4.23726545890941,0.0205201095236887,"4081.Solyc02g069800.1.1","","","","V","alpha/beta hydrolase fold"
"LOC101256614","OG0008507",1.27408046194205,0.0308111023329009,"4113.PGSC0003DMT400004645","GO:0000002,GO:0005575,GO:0005622,GO:0005623,GO:0005737,GO:0005777,GO:0005782,GO:0006139,GO:0006259,GO:0006508,GO:0006605,GO:0006625,GO:0006725,GO:0006807,GO:0006810,GO:0006886,GO:0006950,GO:0006996,GO:0007005,GO:0007031,GO:0007275,GO:0008104,GO:0008150,GO:0008152,GO:0009266,GO:0009408,GO:0009628,GO:0009791,GO:0009987,GO:0010467,GO:0015031,GO:0015833,GO:0015919,GO:0016043,GO:0016485,GO:0016558,GO:0016560,GO:0017038,GO:0019538,GO:0022622,GO:0031907,GO:0031974,GO:0032042,GO:0032501,GO:0032502,GO:0033036,GO:0033365,GO:0034613,GO:0034641,GO:0040007,GO:0042579,GO:0042886,GO:0043170,GO:0043226,GO:0043227,GO:0043229,GO:0043231,GO:0043233,GO:0043574,GO:0044237,GO:0044238,GO:0044260,GO:0044422,GO:0044424,GO:0044438,GO:0044439,GO:0044444,GO:0044446,GO:0044464,GO:0044743,GO:0045184,GO:0046483,GO:0046907,GO:0048364,GO:0048527,GO:0048528,GO:0048731,GO:0048856,GO:0050896,GO:0051179,GO:0051234,GO:0051604,GO:0051641,GO:0051649,GO:0055085,GO:0065002,GO:0070013,GO:0070727,GO:0071702,GO:0071704,GO:0071705,GO:0071806,GO:0071840,GO:0072594,GO:0072662,GO:0072663,GO:0090304,GO:0090696,GO:0099402,GO:1901360,GO:1901564","ko:K01338","ko04112,map04112","O","ATP-dependent serine protease that mediates the selective degradation of misfolded and unassembled polypeptides in the peroxisomal matrix. Necessary for type 2 peroxisome targeting signal (PTS2)-containing protein processing and facilitates peroxisome matrix protein import"
"CEVI-1","OG0000454",3.10072050818555,0.0410320325798914,"4081.Solyc01g006300.2.1","","ko:K00430","ko00940,ko01100,ko01110,map00940,map01100,map01110","Q","Belongs to the peroxidase family. Classical plant (class III) peroxidase subfamily"
"WRKY81","OG0001216",2.84030769624618,0.0475297096041603,"4081.Solyc09g015770.2.1","GO:0001101,GO:0002218,GO:0002252,GO:0002253,GO:0002376,GO:0002682,GO:0002684,GO:0003674,GO:0003700,GO:0006355,GO:0006950,GO:0006952,GO:0006955,GO:0007154,GO:0007165,GO:0008150,GO:0009605,GO:0009607,GO:0009617,GO:0009620,GO:0009627,GO:0009682,GO:0009719,GO:0009725,GO:0009751,GO:0009753,GO:0009755,GO:0009814,GO:0009862,GO:0009863,GO:0009864,GO:0009867,GO:0009889,GO:0009890,GO:0009892,GO:0009987,GO:0010033,GO:0010200,GO:0010243,GO:0010468,GO:0010556,GO:0010558,GO:0010605,GO:0010629,GO:0014070,GO:0019219,GO:0019222,GO:0023052,GO:0031323,GO:0031324,GO:0031326,GO:0031327,GO:0031347,GO:0031349,GO:0032870,GO:0035690,GO:0042221,GO:0042493,GO:0042742,GO:0043207,GO:0045087,GO:0045088,GO:0045089,GO:0045892,GO:0045934,GO:0046677,GO:0048518,GO:0048519,GO:0048523,GO:0048583,GO:0048584,GO:0048831,GO:0050776,GO:0050778,GO:0050789,GO:0050793,GO:0050794,GO:0050832,GO:0050896,GO:0051093,GO:0051171,GO:0051172,GO:0051239,GO:0051241,GO:0051252,GO:0051253,GO:0051704,GO:0051707,GO:0051716,GO:0060255,GO:0065007,GO:0070887,GO:0071229,GO:0071236,GO:0071310,GO:0071395,GO:0071407,GO:0071446,GO:0071495,GO:0080090,GO:0080134,GO:0098542,GO:0140110,GO:1900055,GO:1900056,GO:1901698,GO:1901700,GO:1901701,GO:1902679,GO:1903506,GO:1903507,GO:1905622,GO:2000024,GO:2000026,GO:2000112,GO:2000113,GO:2001141","","","K","WRKY transcription factor"
"LOC101264700","OG0000618",3.47796743962962,0.0476142347951502,"65489.OBART03G05700.1","GO:0003674,GO:0003676,GO:0003723,GO:0003746,GO:0003824,GO:0003924,GO:0005488,GO:0005575,GO:0005622,GO:0005623,GO:0005737,GO:0006412,GO:0006414,GO:0006518,GO:0006807,GO:0008135,GO:0008150,GO:0008152,GO:0009058,GO:0009059,GO:0009987,GO:0010467,GO:0016462,GO:0016787,GO:0016817,GO:0016818,GO:0017111,GO:0019538,GO:0034641,GO:0034645,GO:0043043,GO:0043170,GO:0043603,GO:0043604,GO:0044237,GO:0044238,GO:0044249,GO:0044260,GO:0044267,GO:0044271,GO:0044424,GO:0044464,GO:0071704,GO:0097159,GO:1901363,GO:1901564,GO:1901566,GO:1901576","ko:K03231","ko03013,ko05134,map03013,map05134","J","This protein promotes the GTP-dependent binding of aminoacyl-tRNA to the A-site of ribosomes during protein biosynthesis"
