Gene_ID,Orthogroup,log2FoldChange,adjusted_pvalue,eggNOG_ortholog,GO_terms,KEGG_ko,KEGG_pathway,COG_category,Description
LOC102580341,OG0004990,3.960390416,0.001051565,4113.PGSC0003DMT400009432,,,,P,Rhodanese Homology Domain
LOC102604395,OG0000028,4.672237133,0.003784845,4113.PGSC0003DMT400068851,,,,T,Motif C-terminal to PAS motifs (likely to contribute to PAS structural domain)
LOC102581808,OG0009394,4.135885386,0.003784845,4113.PGSC0003DMT400004981,,ko:K09840,"ko00906,ko01100,ko01110,map00906,map01100,map01110",Q,"ccd4,nced4"
LOC102581888,OG0003609,3.109393522,0.004958301,4081.Solyc07g042690.2.1,,,,S,Sugar (and other) transporter
LOC102581681,OG0002049,5.010806586,0.006266641,4113.PGSC0003DMT400029673,"GO:0005575,GO:0005622,GO:0005623,GO:0005634,GO:0005737,GO:0006950,GO:0006995,GO:0007154,GO:0008150,GO:0009267,GO:0009605,GO:0009987,GO:0009991,GO:0031667,GO:0031668,GO:0031669,GO:0033554,GO:0042594,GO:0043226,GO:0043227,GO:0043229,GO:0043231,GO:0043562,GO:0044424,GO:0044464,GO:0050896,GO:0051716,GO:0071496",ko:K03676,,O,Glutaredoxin
LOC102587754,OG0003574,4.922766521,0.006266641,4113.PGSC0003DMT400005804,"GO:0005575,GO:0005622,GO:0005623,GO:0005737,GO:0005829,GO:0006950,GO:0008150,GO:0009611,GO:0044424,GO:0044444,GO:0044464,GO:0050896",,,T,Mutt domain protein
LOC102597840,OG0013554,4.660403614,0.006266641,4113.PGSC0003DMT400073675,"GO:0003674,GO:0003824,GO:0004672,GO:0004674,GO:0005575,GO:0005623,GO:0005886,GO:0006464,GO:0006468,GO:0006793,GO:0006796,GO:0006807,GO:0008150,GO:0008152,GO:0009987,GO:0016020,GO:0016301,GO:0016310,GO:0016740,GO:0016772,GO:0016773,GO:0019538,GO:0036211,GO:0043170,GO:0043412,GO:0044237,GO:0044238,GO:0044260,GO:0044267,GO:0044464,GO:0071704,GO:0071944,GO:0140096,GO:1901564",,,T,Di-glucose binding within endoplasmic reticulum
LOC102582456,NA,4.076566851,0.006266641,4113.PGSC0003DMT400061679,,,,V,FAD binding domain containing protein
LOC102577511,OG0005152,3.786274629,0.006266641,4113.PGSC0003DMT400032122,"GO:0003674,GO:0003700,GO:0005575,GO:0005622,GO:0005623,GO:0005634,GO:0005737,GO:0005829,GO:0005911,GO:0006355,GO:0008150,GO:0009506,GO:0009889,GO:0010468,GO:0010556,GO:0019219,GO:0019222,GO:0030054,GO:0031323,GO:0031326,GO:0043226,GO:0043227,GO:0043229,GO:0043231,GO:0044424,GO:0044444,GO:0044464,GO:0050789,GO:0050794,GO:0051171,GO:0051252,GO:0055044,GO:0060255,GO:0065007,GO:0080090,GO:0140110,GO:1903506,GO:2000112,GO:2001141",,,K,domain associated with HOX domains
LOC102587020,OG0005071,3.218660953,0.006266641,4113.PGSC0003DMT400021584,"GO:0001871,GO:0003674,GO:0003824,GO:0004553,GO:0005488,GO:0005575,GO:0005576,GO:0005623,GO:0005886,GO:0005911,GO:0008150,GO:0009506,GO:0009664,GO:0009987,GO:0016020,GO:0016043,GO:0016787,GO:0016798,GO:0030054,GO:0030246,GO:0030247,GO:0031224,GO:0031225,GO:0031226,GO:0044425,GO:0044459,GO:0044464,GO:0045229,GO:0046658,GO:0048046,GO:0055044,GO:0071554,GO:0071555,GO:0071669,GO:0071840,GO:0071944",,,G,Belongs to the glycosyl hydrolase 17 family
LOC102584168,OG0001796,3.135374378,0.006266641,4113.PGSC0003DMT400043112,"GO:0001101,GO:0005575,GO:0005622,GO:0005623,GO:0005634,GO:0005737,GO:0005739,GO:0006950,GO:0008150,GO:0009266,GO:0009314,GO:0009409,GO:0009414,GO:0009415,GO:0009416,GO:0009507,GO:0009526,GO:0009532,GO:0009534,GO:0009535,GO:0009536,GO:0009570,GO:0009579,GO:0009628,GO:0009642,GO:0009644,GO:0009719,GO:0009725,GO:0009737,GO:0009892,GO:0010033,GO:0010035,GO:0010109,GO:0010205,GO:0010287,GO:0010319,GO:0016020,GO:0019222,GO:0031323,GO:0031324,GO:0031967,GO:0031975,GO:0031976,GO:0031977,GO:0031984,GO:0033993,GO:0034357,GO:0042221,GO:0042548,GO:0042651,GO:0043155,GO:0043226,GO:0043227,GO:0043229,GO:0043231,GO:0043467,GO:0044422,GO:0044424,GO:0044434,GO:0044435,GO:0044436,GO:0044444,GO:0044446,GO:0044464,GO:0048519,GO:0048523,GO:0050789,GO:0050794,GO:0050896,GO:0055035,GO:0065007,GO:0097305,GO:1901700,GO:1905156",,,S,Light-induced protein
LOC102599811,OG0002771,1.886727509,0.006266641,4113.PGSC0003DMT400057864,,,,S,Protein of unknown function (DUF1517)
LOC102582347,NA,4.207688156,0.006314452,4113.PGSC0003DMT400067920,"GO:0005575,GO:0005622,GO:0005623,GO:0005737,GO:0007623,GO:0008150,GO:0009314,GO:0009416,GO:0009507,GO:0009526,GO:0009532,GO:0009534,GO:0009535,GO:0009536,GO:0009570,GO:0009579,GO:0009628,GO:0009941,GO:0009987,GO:0016020,GO:0031967,GO:0031975,GO:0031976,GO:0031984,GO:0032991,GO:0034357,GO:0042651,GO:0043226,GO:0043227,GO:0043229,GO:0043231,GO:0044422,GO:0044424,GO:0044425,GO:0044434,GO:0044435,GO:0044436,GO:0044444,GO:0044446,GO:0044464,GO:0048511,GO:0050896,GO:0051716,GO:0055035,GO:0071214,GO:0071478,GO:0071482,GO:0098796,GO:0098807,GO:0104004",,,S,Light regulated protein Lir1
LOC102586713,NA,4.052167749,0.006314452,4113.PGSC0003DMT400044530,,,,O,Belongs to the small heat shock protein (HSP20) family
LOC102581955,OG0007682,-2.018882278,0.006314452,4113.PGSC0003DMT400030399,"GO:0003333,GO:0003674,GO:0005215,GO:0005342,GO:0005575,GO:0005622,GO:0005623,GO:0005737,GO:0005773,GO:0005774,GO:0006810,GO:0006811,GO:0006820,GO:0006865,GO:0008150,GO:0008509,GO:0008514,GO:0015075,GO:0015171,GO:0015318,GO:0015711,GO:0015849,GO:0016020,GO:0022857,GO:0031090,GO:0034220,GO:0043226,GO:0043227,GO:0043229,GO:0043231,GO:0044422,GO:0044424,GO:0044437,GO:0044444,GO:0044446,GO:0044464,GO:0046942,GO:0046943,GO:0051179,GO:0051234,GO:0055085,GO:0071702,GO:0071705,GO:0098588,GO:0098656,GO:0098805,GO:1903825,GO:1905039","ko:K14993,ko:K14997",,E,Amino acid transporter
LOC102596969,NA,1.774235627,0.006314452,4081.Solyc01g088090.2.1,"GO:0003674,GO:0003824,GO:0005575,GO:0005622,GO:0005623,GO:0005737,GO:0006725,GO:0006778,GO:0006787,GO:0006807,GO:0008150,GO:0008152,GO:0009056,GO:0009507,GO:0009532,GO:0009534,GO:0009535,GO:0009536,GO:0009570,GO:0009579,GO:0009987,GO:0015994,GO:0015996,GO:0016020,GO:0016787,GO:0016788,GO:0019439,GO:0031976,GO:0031984,GO:0033013,GO:0033015,GO:0034357,GO:0034641,GO:0042440,GO:0042651,GO:0043226,GO:0043227,GO:0043229,GO:0043231,GO:0044237,GO:0044248,GO:0044270,GO:0044422,GO:0044424,GO:0044434,GO:0044435,GO:0044436,GO:0044444,GO:0044446,GO:0044464,GO:0046149,GO:0046483,GO:0046700,GO:0051186,GO:0051187,GO:0052689,GO:0055035,GO:0071704,GO:0080124,GO:1901360,GO:1901361,GO:1901564,GO:1901565,GO:1901575",,,S,Alpha/beta hydrolase family
LOC102597554,OG0007897,1.729660193,0.006314452,4113.PGSC0003DMT400077962,,,,S,PGR5-like protein
LOC102601102,OG0012668,2.664006548,0.007958631,4113.PGSC0003DMT400008074,"GO:0003674,GO:0003824,GO:0005575,GO:0005622,GO:0005623,GO:0005737,GO:0006950,GO:0006979,GO:0008150,GO:0008152,GO:0009507,GO:0009532,GO:0009536,GO:0009570,GO:0016491,GO:0016667,GO:0016671,GO:0033743,GO:0043226,GO:0043227,GO:0043229,GO:0043231,GO:0044422,GO:0044424,GO:0044434,GO:0044435,GO:0044444,GO:0044446,GO:0044464,GO:0050896,GO:0055114",ko:K07305,,O,methionine sulfoxide reductase
LOC102592404,OG0011340,5.605659594,0.009645629,102107.XP_008233551.1,,,,S,Plant protein 1589 of unknown function (A_thal_3526)
LOC102601679,OG0003780,4.021935175,0.009645629,4113.PGSC0003DMT400026505,"GO:0000323,GO:0003674,GO:0003824,GO:0004175,GO:0004197,GO:0005575,GO:0005576,GO:0005615,GO:0005622,GO:0005623,GO:0005737,GO:0005764,GO:0005773,GO:0006508,GO:0006807,GO:0008150,GO:0008152,GO:0008233,GO:0008234,GO:0009056,GO:0009057,GO:0009987,GO:0016787,GO:0019538,GO:0030163,GO:0043170,GO:0043226,GO:0043227,GO:0043229,GO:0043231,GO:0044237,GO:0044238,GO:0044248,GO:0044257,GO:0044260,GO:0044265,GO:0044267,GO:0044421,GO:0044424,GO:0044444,GO:0044464,GO:0051603,GO:0070011,GO:0071704,GO:0140096,GO:1901564,GO:1901565,GO:1901575",,,O,Belongs to the peptidase C1 family
LOC102582832,OG0001228,3.620592542,0.009645629,4113.PGSC0003DMT400070680,"GO:0003674,GO:0003700,GO:0005575,GO:0005622,GO:0005623,GO:0005634,GO:0006355,GO:0008150,GO:0009314,GO:0009416,GO:0009628,GO:0009889,GO:0009909,GO:0010468,GO:0010556,GO:0019219,GO:0019222,GO:0031323,GO:0031326,GO:0043226,GO:0043227,GO:0043229,GO:0043231,GO:0044424,GO:0044464,GO:0048580,GO:0048831,GO:0050789,GO:0050793,GO:0050794,GO:0050896,GO:0051171,GO:0051239,GO:0051252,GO:0060255,GO:0065007,GO:0080090,GO:0140110,GO:1903506,GO:2000026,GO:2000112,GO:2000241,GO:2001141",,,K,B-box zinc finger
LOC102596960,OG0001247,3.158104025,0.009645629,4113.PGSC0003DMT400004816,"GO:0005575,GO:0005622,GO:0005623,GO:0005737,GO:0005783,GO:0005789,GO:0008150,GO:0008152,GO:0009058,GO:0009719,GO:0009725,GO:0009733,GO:0010033,GO:0012505,GO:0016020,GO:0019748,GO:0031090,GO:0031984,GO:0042175,GO:0042221,GO:0043226,GO:0043227,GO:0043229,GO:0043231,GO:0044422,GO:0044424,GO:0044425,GO:0044432,GO:0044444,GO:0044446,GO:0044464,GO:0044550,GO:0050896,GO:0098827",ko:K20562,,Q,Belongs to the cytochrome P450 family
LOC102579029,OG0014744,2.993866782,0.009645629,4113.PGSC0003DMT400058545,,,,Q,Belongs to the cytochrome P450 family
LOC102581835,OG0004922,2.966645096,0.009645629,4113.PGSC0003DMT400049076,,ko:K00276,"ko00260,ko00350,ko00360,ko00410,ko00950,ko00960,ko01100,ko01110,map00260,map00350,map00360,map00410,map00950,map00960,map01100,map01110",Q,amine oxidase
LOC102581671,OG0000066,2.732848673,0.009645629,4113.PGSC0003DMT400047888,,,,S,PB1 domain
LOC102593559,OG0014347,2.686876374,0.009645629,4081.Solyc02g082070.2.1,"GO:0003674,GO:0003824,GO:0004497,GO:0005575,GO:0008150,GO:0008152,GO:0009058,GO:0016020,GO:0016491,GO:0016705,GO:0016709,GO:0019748,GO:0044550,GO:0055114","ko:K00512,ko:K07418,ko:K15472","ko00140,ko00590,ko00591,ko00909,ko01100,ko01110,ko04212,ko04726,ko04750,ko04913,ko04917,ko04927,ko04934,map00140,map00590,map00591,map00909,map01100,map01110,map04212,map04726,map04750,map04913,map04917,map04927,map04934",Q,Cytochrome P450
LOC102601836,OG0003692,-2.464777999,0.009645629,4113.PGSC0003DMT400078266,"GO:0003674,GO:0003824,GO:0004672,GO:0004674,GO:0005575,GO:0005622,GO:0005623,GO:0006464,GO:0006468,GO:0006793,GO:0006796,GO:0006807,GO:0007154,GO:0007165,GO:0008150,GO:0008152,GO:0009268,GO:0009628,GO:0009987,GO:0016301,GO:0016310,GO:0016740,GO:0016772,GO:0016773,GO:0018105,GO:0018107,GO:0018193,GO:0018209,GO:0018210,GO:0019538,GO:0023052,GO:0035556,GO:0036211,GO:0043170,GO:0043412,GO:0044237,GO:0044238,GO:0044260,GO:0044267,GO:0044464,GO:0050789,GO:0050794,GO:0050896,GO:0051716,GO:0065007,GO:0071704,GO:0140096,GO:1901564","ko:K07198,ko:K12761","ko04068,ko04113,ko04138,ko04140,ko04150,ko04151,ko04152,ko04211,ko04213,ko04371,ko04530,ko04710,ko04714,ko04910,ko04920,ko04921,ko04922,ko04931,ko04932,ko05410,ko05418,map04068,map04113,map04138,map04140,map04150,map04151,map04152,map04211,map04213,map04371,map04530,map04710,map04714,map04910,map04920,map04921,map04922,map04931,map04932,map05410,map05418",T,CBL-interacting serine threonine-protein kinase 11-like
LOC102578540,OG0006577,2.29497703,0.009645629,4113.PGSC0003DMT400052642,"GO:0000002,GO:0000122,GO:0001775,GO:0001776,GO:0001932,GO:0001933,GO:0001941,GO:0001959,GO:0001960,GO:0002260,GO:0002376,GO:0002520,GO:0002521,GO:0002682,GO:0002683,GO:0002684,GO:0002694,GO:0002696,GO:0003674,GO:0005102,GO:0005126,GO:0005133,GO:0005488,GO:0005515,GO:0005575,GO:0005622,GO:0005623,GO:0005634,GO:0005737,GO:0005739,GO:0005759,GO:0005829,GO:0005886,GO:0006139,GO:0006259,GO:0006260,GO:0006261,GO:0006264,GO:0006355,GO:0006357,GO:0006457,GO:0006469,GO:0006725,GO:0006807,GO:0006915,GO:0006919,GO:0006924,GO:0006950,GO:0006952,GO:0006955,GO:0006996,GO:0007005,GO:0007154,GO:0007165,GO:0007264,GO:0007275,GO:0007528,GO:0007568,GO:0007569,GO:0008104,GO:0008134,GO:0008150,GO:0008152,GO:0008219,GO:0008284,GO:0008285,GO:0009058,GO:0009059,GO:0009295,GO:0009889,GO:0009890,GO:0009892,GO:0009893,GO:0009966,GO:0009968,GO:0009987,GO:0010033,GO:0010466,GO:0010468,GO:0010556,GO:0010558,GO:0010563,GO:0010604,GO:0010605,GO:0010629,GO:0010646,GO:0010648,GO:0010941,GO:0010942,GO:0010950,GO:0010951,GO:0010952,GO:0012501,GO:0016020,GO:0016043,GO:0019219,GO:0019220,GO:0019222,GO:0019897,GO:0019898,GO:0019899,GO:0019900,GO:0019901,GO:0022407,GO:0022409,GO:0023051,GO:0023052,GO:0023057,GO:0030097,GO:0030098,GO:0030154,GO:0030155,GO:0030162,GO:0030217,GO:0030234,GO:0030544,GO:0030695,GO:0030971,GO:0031072,GO:0031323,GO:0031324,GO:0031325,GO:0031326,GO:0031327,GO:0031347,GO:0031348,GO:0031396,GO:0031398,GO:0031399,GO:0031400,GO:0031401,GO:0031594,GO:0031647,GO:0031974,GO:0032042,GO:0032088,GO:0032268,GO:0032269,GO:0032270,GO:0032501,GO:0032502,GO:0032944,GO:0032946,GO:0033036,GO:0033077,GO:0033673,GO:0034097,GO:0034341,GO:0034613,GO:0034641,GO:0034645,GO:0035556,GO:0042102,GO:0042110,GO:0042127,GO:0042129,GO:0042221,GO:0042325,GO:0042326,GO:0042592,GO:0042645,GO:0042981,GO:0043029,GO:0043065,GO:0043066,GO:0043067,GO:0043068,GO:0043069,GO:0043085,GO:0043086,GO:0043113,GO:0043122,GO:0043124,GO:0043154,GO:0043170,GO:0043226,GO:0043227,GO:0043228,GO:0043229,GO:0043231,GO:0043232,GO:0043233,GO:0043280,GO:0043281,GO:0043433,GO:0043549,GO:0044092,GO:0044093,GO:0044237,GO:0044238,GO:0044249,GO:0044260,GO:0044422,GO:0044424,GO:0044425,GO:0044429,GO:0044444,GO:0044446,GO:0044456,GO:0044459,GO:0044464,GO:0045087,GO:0045088,GO:0045202,GO:0045211,GO:0045321,GO:0045785,GO:0045824,GO:0045859,GO:0045861,GO:0045862,GO:0045892,GO:0045934,GO:0045936,GO:0046483,GO:0046649,GO:0048513,GO:0048518,GO:0048519,GO:0048522,GO:0048523,GO:0048534,GO:0048583,GO:0048585,GO:0048731,GO:0048856,GO:0048869,GO:0048872,GO:0050670,GO:0050671,GO:0050776,GO:0050777,GO:0050789,GO:0050790,GO:0050794,GO:0050808,GO:0050821,GO:0050863,GO:0050865,GO:0050867,GO:0050870,GO:0050896,GO:0051059,GO:0051082,GO:0051090,GO:0051171,GO:0051172,GO:0051173,GO:0051174,GO:0051179,GO:0051246,GO:0051247,GO:0051248,GO:0051249,GO:0051251,GO:0051252,GO:0051253,GO:0051336,GO:0051338,GO:0051345,GO:0051346,GO:0051348,GO:0051641,GO:0051668,GO:0051716,GO:0052547,GO:0052548,GO:0060255,GO:0060330,GO:0060331,GO:0060334,GO:0060336,GO:0060548,GO:0060589,GO:0060759,GO:0060761,GO:0061024,GO:0065007,GO:0065008,GO:0065009,GO:0070013,GO:0070227,GO:0070231,GO:0070663,GO:0070665,GO:0070727,GO:0071340,GO:0071704,GO:0071840,GO:0071887,GO:0071944,GO:0072657,GO:0080090,GO:0080134,GO:0090304,GO:0097060,GO:0098590,GO:0098772,GO:0098794,GO:0099173,GO:1901360,GO:1901576,GO:1902531,GO:1902532,GO:1902679,GO:1903037,GO:1903039,GO:1903320,GO:1903322,GO:1903506,GO:1903507,GO:1990782,GO:2000112,GO:2000113,GO:2000116,GO:2000117,GO:2001056,GO:2001141",,,O,4Fe-4S single cluster domain of Ferredoxin I
LOC102584137,OG0003692,2.103287434,0.009645629,4113.PGSC0003DMT400025791,"GO:0003674,GO:0005488,GO:0005515,GO:0005575,GO:0005622,GO:0005623,GO:0005737,GO:0005739,GO:0005759,GO:0006457,GO:0006605,GO:0006626,GO:0006810,GO:0006839,GO:0006886,GO:0006950,GO:0006986,GO:0006996,GO:0007005,GO:0008104,GO:0008150,GO:0009987,GO:0010033,GO:0015031,GO:0015833,GO:0016043,GO:0017038,GO:0030150,GO:0031647,GO:0031974,GO:0033036,GO:0033365,GO:0034613,GO:0035966,GO:0042221,GO:0042886,GO:0043226,GO:0043227,GO:0043229,GO:0043231,GO:0043233,GO:0044422,GO:0044424,GO:0044429,GO:0044444,GO:0044446,GO:0044464,GO:0044743,GO:0045184,GO:0046907,GO:0050821,GO:0050896,GO:0051087,GO:0051179,GO:0051234,GO:0051641,GO:0051649,GO:0055085,GO:0065002,GO:0065007,GO:0065008,GO:0070013,GO:0070585,GO:0070727,GO:0071702,GO:0071705,GO:0071806,GO:0071840,GO:0072594,GO:0072655,GO:1990542",ko:K17808,,S,DNL zinc finger
LOC102588672,OG0017136,1.978766904,0.009645629,4113.PGSC0003DMT400062463,,,,,
LOC102592819,OG0001199,4.00860416,0.009650194,4113.PGSC0003DMT400026262,,,,S,Miraculin-like
LOC102583000,OG0003574,4.780711091,0.009674282,4081.Solyc05g005870.2.1,"GO:0002831,GO:0002832,GO:0003674,GO:0005215,GO:0005575,GO:0005622,GO:0005623,GO:0005737,GO:0005783,GO:0005886,GO:0005887,GO:0005938,GO:0006810,GO:0007154,GO:0007165,GO:0008150,GO:0009719,GO:0009725,GO:0009733,GO:0009734,GO:0009755,GO:0009987,GO:0010033,GO:0012505,GO:0016020,GO:0016021,GO:0022857,GO:0023052,GO:0031224,GO:0031226,GO:0031347,GO:0031348,GO:0032101,GO:0032102,GO:0032870,GO:0042221,GO:0043226,GO:0043227,GO:0043229,GO:0043231,GO:0043900,GO:0043901,GO:0044424,GO:0044425,GO:0044444,GO:0044459,GO:0044464,GO:0048519,GO:0048583,GO:0048585,GO:0050789,GO:0050794,GO:0050896,GO:0051179,GO:0051234,GO:0051716,GO:0055085,GO:0065007,GO:0070887,GO:0071310,GO:0071365,GO:0071495,GO:0071944,GO:0080134,GO:0099568,GO:1900150,GO:1900424,GO:1900425,GO:1902288,GO:1902289",,,S,WAT1-related protein At1g70260-like
LOC102584678,OG0010835,1.487920753,0.009674282,4113.PGSC0003DMT400020890,"GO:0005575,GO:0005622,GO:0005623,GO:0005634,GO:0005737,GO:0005829,GO:0043226,GO:0043227,GO:0043229,GO:0043231,GO:0044424,GO:0044444,GO:0044464",,,G,Cytokinin-activating enzyme working in the direct activation pathway. Phosphoribohydrolase that converts inactive cytokinin nucleotides to the biologically active free-base forms
LOC102578309,OG0000018,-3.147492975,0.010295427,4113.PGSC0003DMT400064979,"GO:0005575,GO:0005622,GO:0005623,GO:0005737,GO:0009507,GO:0009536,GO:0043226,GO:0043227,GO:0043229,GO:0043231,GO:0044424,GO:0044444,GO:0044464",,,G,GDP-fucose protein O-fucosyltransferase
FT,OG0007687,6.929101105,0.010555938,4113.PGSC0003DMT400060057,,ko:K16223,"ko04712,map04712",S,Phosphatidylethanolamine-binding protein
LOC107061959,OG0003784,1.18562225,0.010761497,4113.PGSC0003DMT400010397,"GO:0001067,GO:0003674,GO:0003676,GO:0003677,GO:0003700,GO:0005488,GO:0006355,GO:0008150,GO:0009889,GO:0010468,GO:0010556,GO:0019219,GO:0019222,GO:0031323,GO:0031326,GO:0044212,GO:0050789,GO:0050794,GO:0051171,GO:0051252,GO:0060255,GO:0065007,GO:0080090,GO:0097159,GO:0140110,GO:1901363,GO:1903506,GO:2000112,GO:2001141",,,K,Dof zinc finger protein DOF5.4-like
LOC102599833,OG0000093,2.327474904,0.011662908,4113.PGSC0003DMT400034117,"GO:0000041,GO:0003674,GO:0005215,GO:0005385,GO:0005575,GO:0005623,GO:0005886,GO:0006810,GO:0006811,GO:0006812,GO:0006829,GO:0008150,GO:0008324,GO:0015075,GO:0015318,GO:0016020,GO:0022857,GO:0022890,GO:0030001,GO:0034220,GO:0044464,GO:0046873,GO:0046915,GO:0051179,GO:0051234,GO:0055085,GO:0070838,GO:0071577,GO:0071944,GO:0072509,GO:0072511,GO:0098655,GO:0098660,GO:0098662",ko:K14709,,P,Transporter
LOC102598120,OG0000663,3.914978659,0.01173726,4113.PGSC0003DMT400052816,"GO:0001101,GO:0003674,GO:0003824,GO:0004439,GO:0004445,GO:0005975,GO:0006066,GO:0006629,GO:0006644,GO:0006650,GO:0006793,GO:0006796,GO:0007275,GO:0008150,GO:0008152,GO:0009056,GO:0009719,GO:0009725,GO:0009737,GO:0009791,GO:0009845,GO:0009987,GO:0010033,GO:0016311,GO:0016787,GO:0016788,GO:0016791,GO:0019637,GO:0019751,GO:0030258,GO:0032501,GO:0032502,GO:0032957,GO:0033993,GO:0034485,GO:0034593,GO:0034594,GO:0034595,GO:0042221,GO:0042578,GO:0043647,GO:0044237,GO:0044238,GO:0044255,GO:0044262,GO:0044281,GO:0044282,GO:0046030,GO:0046164,GO:0046174,GO:0046434,GO:0046486,GO:0046488,GO:0046838,GO:0046839,GO:0046855,GO:0046856,GO:0048856,GO:0050896,GO:0052745,GO:0052866,GO:0071545,GO:0071704,GO:0090351,GO:0097305,GO:0106019,GO:1901575,GO:1901615,GO:1901616,GO:1901700",,,U,"Inositol polyphosphate phosphatase, catalytic domain homologues"
LOC102583310,OG0012886,2.741940041,0.012152908,4113.PGSC0003DMT400041941,"GO:0003674,GO:0003824,GO:0005575,GO:0005622,GO:0005623,GO:0005737,GO:0006725,GO:0006778,GO:0006787,GO:0006807,GO:0008150,GO:0008152,GO:0009056,GO:0009507,GO:0009536,GO:0009987,GO:0015994,GO:0015996,GO:0016787,GO:0016788,GO:0019439,GO:0033013,GO:0033015,GO:0034641,GO:0042440,GO:0043226,GO:0043227,GO:0043229,GO:0043231,GO:0044237,GO:0044248,GO:0044270,GO:0044424,GO:0044444,GO:0044464,GO:0046149,GO:0046483,GO:0046700,GO:0047746,GO:0051186,GO:0051187,GO:0052689,GO:0071704,GO:1901360,GO:1901361,GO:1901564,GO:1901565,GO:1901575",ko:K08099,"ko00860,ko01100,ko01110,map00860,map01100,map01110",S,"Platelet-activating factor acetylhydrolase, isoform II"
LOC102578651,OG0001786,3.76502916,0.012701523,4081.Solyc11g066600.1.1,,ko:K01285,"ko04614,ko04974,map04614,map04974",O,Lysosomal Pro-X
LOC102581469,OG0000817,3.895034986,0.013471915,4113.PGSC0003DMT400028817,"GO:0002094,GO:0003674,GO:0003824,GO:0004659,GO:0005575,GO:0005622,GO:0005623,GO:0005737,GO:0005829,GO:0006066,GO:0006629,GO:0006720,GO:0006996,GO:0008150,GO:0008152,GO:0008299,GO:0008610,GO:0009058,GO:0009507,GO:0009532,GO:0009536,GO:0009570,GO:0009657,GO:0009668,GO:0009987,GO:0016043,GO:0016093,GO:0016094,GO:0016740,GO:0016765,GO:0043226,GO:0043227,GO:0043229,GO:0043231,GO:0044237,GO:0044238,GO:0044249,GO:0044255,GO:0044281,GO:0044283,GO:0044422,GO:0044424,GO:0044434,GO:0044435,GO:0044444,GO:0044446,GO:0044464,GO:0046165,GO:0061024,GO:0071704,GO:0071840,GO:1901576,GO:1901615,GO:1901617",ko:K11778,"ko00900,ko01110,map00900,map01110",I,Belongs to the UPP synthase family
LOC107062125,OG0007198,3.43301141,0.013726883,4081.Solyc08g078870.1.1,,,,S,Hydrophobic seed protein
LOC102594046,NA,2.734967517,0.015025558,4113.PGSC0003DMT400007840,,,,Q,Belongs to the cytochrome P450 family
LOC102581151,OG0007318,1.596237366,0.015025558,4113.PGSC0003DMT400067951,"GO:0003674,GO:0003824,GO:0005575,GO:0005622,GO:0005623,GO:0005737,GO:0005794,GO:0008194,GO:0012505,GO:0016740,GO:0016757,GO:0016758,GO:0035251,GO:0043226,GO:0043227,GO:0043229,GO:0043231,GO:0044424,GO:0044444,GO:0044464,GO:0046524,GO:0046527",ko:K00696,"ko00500,ko01100,map00500,map01100",M,Belongs to the glycosyltransferase 1 family
LOC107062931,OG0012845,2.410055539,0.015065472,NA,NA,NA,NA,NA,NA
LOC102606222,OG0004432,1.938521877,0.015065472,4098.XP_009612649.1,,,,I,Lipolytic acyl hydrolase (LAH)
LOC102586514,OG0011798,2.995881641,0.015189647,4113.PGSC0003DMT400033701,"GO:0005575,GO:0005622,GO:0005623,GO:0005737,GO:0005783,GO:0005789,GO:0008150,GO:0008152,GO:0009058,GO:0009719,GO:0009725,GO:0009733,GO:0010033,GO:0012505,GO:0016020,GO:0019748,GO:0031090,GO:0031984,GO:0042175,GO:0042221,GO:0043226,GO:0043227,GO:0043229,GO:0043231,GO:0044422,GO:0044424,GO:0044425,GO:0044432,GO:0044444,GO:0044446,GO:0044464,GO:0044550,GO:0050896,GO:0098827",ko:K20562,,Q,cytochrome P450
LOC102592002,NA,4.207364293,0.015421869,4113.PGSC0003DMT400065417,,ko:K03327,,V,Belongs to the multi antimicrobial extrusion (MATE) (TC 2.A.66.1) family
LOC102598281,OG0002481,2.577114153,0.015421869,4081.Solyc11g066250.1.1,"GO:0003674,GO:0003824,GO:0004180,GO:0004185,GO:0005575,GO:0005622,GO:0005623,GO:0005737,GO:0005773,GO:0006508,GO:0006807,GO:0008150,GO:0008152,GO:0008233,GO:0008236,GO:0008238,GO:0009056,GO:0009057,GO:0009987,GO:0016787,GO:0017171,GO:0019538,GO:0030163,GO:0043170,GO:0043226,GO:0043227,GO:0043229,GO:0043231,GO:0044237,GO:0044238,GO:0044248,GO:0044257,GO:0044260,GO:0044265,GO:0044267,GO:0044424,GO:0044444,GO:0044464,GO:0051603,GO:0070008,GO:0070011,GO:0071704,GO:0140096,GO:1901564,GO:1901565,GO:1901575",ko:K16298,,O,Serine carboxypeptidase
LOC102582189,OG0002381,4.641979349,0.0156648,4113.PGSC0003DMT400013831,"GO:0000166,GO:0003674,GO:0003824,GO:0005488,GO:0005575,GO:0005622,GO:0005623,GO:0005737,GO:0005829,GO:0008150,GO:0008152,GO:0010181,GO:0016491,GO:0016645,GO:0016646,GO:0032553,GO:0036094,GO:0043167,GO:0043168,GO:0044424,GO:0044444,GO:0044464,GO:0048037,GO:0050662,GO:0052873,GO:0055114,GO:0097159,GO:0097367,GO:1901265,GO:1901363",ko:K19784,,S,NADPH quinone
LOC102601909,OG0013123,-1.393267175,0.015999879,4113.PGSC0003DMT400007454,,,,T,Belongs to the protein kinase superfamily. Ser Thr protein kinase family
LOC102606102,OG0000765,5.253428714,0.016475071,4096.XP_009767616.1,"GO:0000003,GO:0001101,GO:0003002,GO:0003006,GO:0003674,GO:0003824,GO:0005215,GO:0005319,GO:0005342,GO:0005488,GO:0005515,GO:0005575,GO:0005623,GO:0005886,GO:0006810,GO:0006811,GO:0006820,GO:0006869,GO:0006950,GO:0006970,GO:0007275,GO:0007389,GO:0008028,GO:0008150,GO:0008509,GO:0008514,GO:0009611,GO:0009628,GO:0009651,GO:0009653,GO:0009719,GO:0009725,GO:0009737,GO:0009790,GO:0009791,GO:0009793,GO:0009897,GO:0009965,GO:0009986,GO:0010016,GO:0010033,GO:0010051,GO:0010154,GO:0010222,GO:0010588,GO:0010876,GO:0015075,GO:0015245,GO:0015318,GO:0015399,GO:0015405,GO:0015711,GO:0015718,GO:0015849,GO:0015908,GO:0016020,GO:0016021,GO:0016462,GO:0016787,GO:0016817,GO:0016818,GO:0016887,GO:0017111,GO:0022414,GO:0022804,GO:0022857,GO:0031224,GO:0032501,GO:0032502,GO:0033036,GO:0033993,GO:0034220,GO:0042221,GO:0042623,GO:0042626,GO:0042802,GO:0042803,GO:0043492,GO:0044425,GO:0044459,GO:0044464,GO:0046942,GO:0046943,GO:0046983,GO:0048316,GO:0048366,GO:0048367,GO:0048598,GO:0048608,GO:0048731,GO:0048825,GO:0048826,GO:0048827,GO:0048856,GO:0050896,GO:0051179,GO:0051234,GO:0055085,GO:0061458,GO:0071702,GO:0071944,GO:0080051,GO:0090698,GO:0097305,GO:0098552,GO:0098656,GO:0099402,GO:1901700,GO:1903825,GO:1905039,GO:1905392",,,Q,ABC transporter G family member 11-like
LOC102586409,NA,1.733297914,0.01872067,4113.PGSC0003DMT400034925,"GO:0005575,GO:0005623,GO:0005886,GO:0016020,GO:0044464,GO:0071944",,,S,At3g27210-like
LOC102597935,OG0001786,3.059285941,0.018729068,4113.PGSC0003DMT400010863;4113.PGSC0003DMT400028005,"GO:0005575,GO:0005622,GO:0005623,GO:0005737,GO:0009507,GO:0009526,GO:0009532,GO:0009536,GO:0009570,GO:0009941,GO:0016020,GO:0031090,GO:0031967,GO:0031969,GO:0031975,GO:0042170,GO:0043226,GO:0043227,GO:0043229,GO:0043231,GO:0044422,GO:0044424,GO:0044434,GO:0044435,GO:0044444,GO:0044446,GO:0044464",ko:K22013,"ko00860,ko01110,map00860,map01110",S,Staygreen protein
LOC102594481,OG0011042,-1.103137892,0.019643199,4113.PGSC0003DMT400078652,"GO:0003674,GO:0003824,GO:0004672,GO:0004674,GO:0004675,GO:0004888,GO:0005575,GO:0005623,GO:0005886,GO:0006464,GO:0006468,GO:0006793,GO:0006796,GO:0006807,GO:0007154,GO:0007165,GO:0007166,GO:0007167,GO:0007178,GO:0008150,GO:0008152,GO:0009987,GO:0016020,GO:0016301,GO:0016310,GO:0016740,GO:0016772,GO:0016773,GO:0019199,GO:0019538,GO:0023052,GO:0036211,GO:0038023,GO:0043170,GO:0043412,GO:0044237,GO:0044238,GO:0044260,GO:0044267,GO:0044464,GO:0050789,GO:0050794,GO:0050896,GO:0051716,GO:0060089,GO:0065007,GO:0071704,GO:0071944,GO:0140096,GO:1901564",ko:K04733,"ko04010,ko04064,ko04620,ko04621,ko04624,ko04722,ko05133,ko05140,ko05142,ko05145,ko05152,ko05162,ko05164,map04010,map04064,map04620,map04621,map04624,map04722,map05133,map05140,map05142,map05145,map05152,map05162,map05164",T,Protein kinase domain
LOC102583621,OG0000263,2.129203169,0.020169402,4113.PGSC0003DMT400066807,"GO:0000003,GO:0003674,GO:0003700,GO:0005575,GO:0005911,GO:0006355,GO:0008150,GO:0009506,GO:0009566,GO:0009567,GO:0009889,GO:0010468,GO:0010556,GO:0019219,GO:0019222,GO:0019953,GO:0022414,GO:0030054,GO:0031323,GO:0031326,GO:0044703,GO:0050789,GO:0050794,GO:0051171,GO:0051252,GO:0051704,GO:0055044,GO:0060255,GO:0065007,GO:0080090,GO:0140110,GO:1903506,GO:2000112,GO:2001141",,,K,Transcription factor
LOC102586936,OG0006189,1.712917451,0.022158535,4113.PGSC0003DMT400066818,,,,,
LOC102598360,OG0005924,-3.639066855,0.024667322,4113.PGSC0003DMT400047982,,,,T,Serine threonine-protein kinase
LOC102589972,OG0000187,2.964421024,0.025013216,4081.Solyc03g112010.2.1,,"ko:K07408,ko:K07418","ko00140,ko00380,ko00590,ko00591,ko00830,ko00980,ko01100,ko04212,ko04726,ko04750,ko04913,ko05204,map00140,map00380,map00590,map00591,map00830,map00980,map01100,map04212,map04726,map04750,map04913,map05204",Q,Cytochrome p450
LOC102583236,OG0004281,-2.866279945,0.02503792,4113.PGSC0003DMT400067826,,,,F,Peptidase C26
LOC102588222,OG0001541,2.975317584,0.025447495,4113.PGSC0003DMT400041328,,ko:K09286,,K,ethylene-responsive transcription factor
LOC102589739,OG0001532,2.885015968,0.025447495,4113.PGSC0003DMT400008751,,ko:K15015,"ko04721,ko04723,ko04727,ko05032,ko05033,map04721,map04723,map04727,map05032,map05033",E,Transmembrane amino acid transporter protein
LOC102598354,OG0011188,3.215071625,0.026258648,4113.PGSC0003DMT400083992,"GO:0000041,GO:0003674,GO:0005215,GO:0005575,GO:0005623,GO:0005886,GO:0005887,GO:0006810,GO:0006811,GO:0006812,GO:0006825,GO:0008150,GO:0008515,GO:0008643,GO:0015144,GO:0015154,GO:0015157,GO:0015766,GO:0015770,GO:0015772,GO:0016020,GO:0016021,GO:0022857,GO:0030001,GO:0031224,GO:0031226,GO:0034219,GO:0044425,GO:0044459,GO:0044464,GO:0051119,GO:0051179,GO:0051234,GO:0055085,GO:0071702,GO:0071944",ko:K15382,,U,Mediates both low-affinity uptake and efflux of sugar across the membrane
LOC102583320,OG0006053,2.752604429,0.026659,4113.PGSC0003DMT400041610,,,,T,U-box domain-containing protein
LOC102593774,OG0002732,2.904856257,0.027101535,4081.Solyc01g080460.2.1,"GO:0005575,GO:0005622,GO:0005623,GO:0005634,GO:0005737,GO:0005829,GO:0009507,GO:0009532,GO:0009536,GO:0009570,GO:0043226,GO:0043227,GO:0043229,GO:0043231,GO:0044422,GO:0044424,GO:0044434,GO:0044435,GO:0044444,GO:0044446,GO:0044464",ko:K01006,"ko00620,ko00710,ko00720,ko01100,ko01120,ko01200,map00620,map00710,map00720,map01100,map01120,map01200",F,"Pyruvate, phosphate dikinase"
LOC102589479,OG0002399,3.068529025,0.027121021,4113.PGSC0003DMT400048535,,,,U,Sugar (and other) transporter
LOC102596278,OG0014347,2.119989644,0.027771516,4113.PGSC0003DMT400076972,,,,S,Protein of unknown function (DUF1230)
LOC102590263,OG0012673,1.049765996,0.028174034,4113.PGSC0003DMT400036704,,,,,
LOC102594074,OG0000147,1.627524614,0.028434604,4113.PGSC0003DMT400015740,"GO:0001101,GO:0003674,GO:0005488,GO:0005515,GO:0005575,GO:0005622,GO:0005623,GO:0005737,GO:0005773,GO:0005774,GO:0006091,GO:0006950,GO:0008150,GO:0008152,GO:0009266,GO:0009269,GO:0009314,GO:0009409,GO:0009414,GO:0009415,GO:0009416,GO:0009503,GO:0009507,GO:0009517,GO:0009521,GO:0009522,GO:0009523,GO:0009526,GO:0009532,GO:0009534,GO:0009535,GO:0009536,GO:0009570,GO:0009579,GO:0009628,GO:0009637,GO:0009639,GO:0009642,GO:0009644,GO:0009645,GO:0009719,GO:0009725,GO:0009737,GO:0009765,GO:0009768,GO:0009769,GO:0009889,GO:0009891,GO:0009893,GO:0009941,GO:0009987,GO:0010033,GO:0010035,GO:0010114,GO:0010119,GO:0010218,GO:0010287,GO:0015979,GO:0016020,GO:0016168,GO:0019222,GO:0019684,GO:0019904,GO:0030076,GO:0030104,GO:0031090,GO:0031323,GO:0031325,GO:0031409,GO:0031967,GO:0031975,GO:0031976,GO:0031984,GO:0032870,GO:0032991,GO:0033993,GO:0034357,GO:0042221,GO:0042592,GO:0042651,GO:0043167,GO:0043168,GO:0043226,GO:0043227,GO:0043229,GO:0043231,GO:0044237,GO:0044422,GO:0044424,GO:0044425,GO:0044434,GO:0044435,GO:0044436,GO:0044437,GO:0044444,GO:0044446,GO:0044464,GO:0046906,GO:0048037,GO:0048518,GO:0048522,GO:0048878,GO:0050789,GO:0050794,GO:0050896,GO:0051716,GO:0055035,GO:0065007,GO:0065008,GO:0070887,GO:0071215,GO:0071229,GO:0071310,GO:0071396,GO:0071495,GO:0090333,GO:0097159,GO:0097305,GO:0097306,GO:0098588,GO:0098796,GO:0098805,GO:0098807,GO:1901363,GO:1901700,GO:1901701,GO:1903426,GO:1903428,GO:2000377,GO:2000379","ko:K08912,ko:K08913","ko00196,ko01100,map00196,map01100",C,"The light-harvesting complex (LHC) functions as a light receptor, it captures and delivers excitation energy to photosystems with which it is closely associated"
LOC102604346,OG0004111,5.265752625,0.028600843,4113.PGSC0003DMT400067283,,,,,
LOC102603731,OG0003609,-1.732007888,0.030721626,4113.PGSC0003DMT400053373,"GO:0005575,GO:0005623,GO:0005886,GO:0008150,GO:0009605,GO:0009607,GO:0009624,GO:0016020,GO:0043207,GO:0044464,GO:0050896,GO:0051704,GO:0051707,GO:0071944",ko:K14638,,E,Protein NRT1 PTR FAMILY 4.3-like
LOC102579454,OG0003845,4.823768279,0.030721773,4081.Solyc02g071560.2.1,,,,O,Subtilase family
LOC102599039,OG0002517,2.94660719,0.032236204,4113.PGSC0003DMT400066542,,,,,
LOC102591653,OG0003133,1.365025068,0.032236204,4113.PGSC0003DMT400057111,,,,K,Belongs to the GRAS family
LOC102604525,OG0000361,1.300538213,0.032236204,4113.PGSC0003DMT400078001,,,,,
LOC102595128,OG0004827,1.027320025,0.032236204,4113.PGSC0003DMT400024037,,,,S,Protein of unknown function (DUF760)
LOC102601339,OG0004661,1.08337819,0.034323964,4081.Solyc12g095770.1.1,,,,S,Uncharacterised protein family UPF0047
LOC102601980,NA,1.35571134,0.035915995,4113.PGSC0003DMT400009713,,,,,
LOC102603165,OG0005725,2.773098039,0.036311917,4113.PGSC0003DMT400022150,,ko:K13496,"ko01110,map01110",CG,UDP-glucoronosyl and UDP-glucosyl transferase
LOC102600361,OG0004235,3.89863371,0.036707961,4113.PGSC0003DMT400005804,"GO:0005575,GO:0005622,GO:0005623,GO:0005737,GO:0005829,GO:0006950,GO:0008150,GO:0009611,GO:0044424,GO:0044444,GO:0044464,GO:0050896",,,T,Mutt domain protein
LOC102581364,OG0014433,2.395674172,0.036715935,4113.PGSC0003DMT400004369,"GO:0003674,GO:0003676,GO:0003723,GO:0003729,GO:0003824,GO:0004518,GO:0004519,GO:0005488,GO:0005575,GO:0005622,GO:0005623,GO:0005737,GO:0006139,GO:0006396,GO:0006397,GO:0006725,GO:0006807,GO:0008150,GO:0008152,GO:0009451,GO:0009507,GO:0009532,GO:0009536,GO:0009570,GO:0009987,GO:0010467,GO:0016070,GO:0016071,GO:0016787,GO:0016788,GO:0034641,GO:0043170,GO:0043226,GO:0043227,GO:0043229,GO:0043231,GO:0043412,GO:0044237,GO:0044238,GO:0044422,GO:0044424,GO:0044434,GO:0044435,GO:0044444,GO:0044446,GO:0044464,GO:0046483,GO:0071704,GO:0090304,GO:0090305,GO:0097159,GO:1901360,GO:1901363",,,S,PPR repeat
LOC102589718,OG0004269,-2.51792633,0.038593751,4113.PGSC0003DMT400009367,,,,S,Gibberellin regulated protein
LOC102600694,OG0000663,1.216974292,0.038687665,4081.Solyc03g013240.2.1,,,,S,Domain of unknown function (DUF4336)
LOC102590599,OG0013488,1.469033284,0.03903679,4113.PGSC0003DMT400036859,,,,,
LOC102583986,NA,1.240149018,0.03903679,4113.PGSC0003DMT400083080,"GO:0003674,GO:0003700,GO:0006355,GO:0008150,GO:0009889,GO:0010468,GO:0010556,GO:0019219,GO:0019222,GO:0031323,GO:0031326,GO:0050789,GO:0050794,GO:0051171,GO:0051252,GO:0060255,GO:0065007,GO:0080090,GO:0140110,GO:1903506,GO:2000112,GO:2001141",ko:K16222,"ko04712,map04712",B,"Dof domain, zinc finger"
LOC102606011,OG0011620,-1.091456619,0.03903679,4081.Solyc02g021620.2.1,"GO:0003674,GO:0005215,GO:0005575,GO:0005622,GO:0005623,GO:0005737,GO:0005768,GO:0005794,GO:0005802,GO:0005886,GO:0006810,GO:0006811,GO:0006812,GO:0006813,GO:0006814,GO:0006820,GO:0006821,GO:0008150,GO:0008324,GO:0008509,GO:0008511,GO:0009674,GO:0009987,GO:0012505,GO:0015075,GO:0015077,GO:0015079,GO:0015081,GO:0015103,GO:0015108,GO:0015291,GO:0015293,GO:0015294,GO:0015296,GO:0015318,GO:0015370,GO:0015373,GO:0015377,GO:0015378,GO:0015379,GO:0015672,GO:0015698,GO:0016020,GO:0022804,GO:0022857,GO:0022890,GO:0030001,GO:0031410,GO:0031982,GO:0031984,GO:0034220,GO:0035725,GO:0042592,GO:0043226,GO:0043227,GO:0043229,GO:0043231,GO:0044422,GO:0044424,GO:0044431,GO:0044444,GO:0044446,GO:0044464,GO:0046873,GO:0048878,GO:0050801,GO:0051179,GO:0051234,GO:0055064,GO:0055065,GO:0055067,GO:0055075,GO:0055080,GO:0055081,GO:0055083,GO:0055085,GO:0065007,GO:0065008,GO:0071804,GO:0071805,GO:0071944,GO:0097708,GO:0098655,GO:0098656,GO:0098660,GO:0098661,GO:0098662,GO:0098771,GO:0098791,GO:1902476","ko:K13627,ko:K14427","ko04966,map04966",P,Cation-chloride cotransporter
LOC102592022,OG0009829,-1.857867962,0.039221487,4113.PGSC0003DMT400002407,"GO:0003333,GO:0003674,GO:0005215,GO:0005342,GO:0005575,GO:0005622,GO:0005623,GO:0005737,GO:0005886,GO:0005887,GO:0005938,GO:0006810,GO:0006811,GO:0006820,GO:0006865,GO:0007154,GO:0007165,GO:0008150,GO:0008509,GO:0008514,GO:0009719,GO:0009725,GO:0009733,GO:0009734,GO:0009755,GO:0009987,GO:0010033,GO:0015075,GO:0015171,GO:0015179,GO:0015318,GO:0015562,GO:0015711,GO:0015807,GO:0015849,GO:0016020,GO:0016021,GO:0022857,GO:0023052,GO:0031224,GO:0031226,GO:0032870,GO:0032973,GO:0034220,GO:0034639,GO:0042221,GO:0042592,GO:0043090,GO:0044424,GO:0044425,GO:0044444,GO:0044459,GO:0044464,GO:0046942,GO:0046943,GO:0048878,GO:0050789,GO:0050794,GO:0050801,GO:0050896,GO:0051179,GO:0051234,GO:0051716,GO:0055081,GO:0055085,GO:0065007,GO:0065008,GO:0070887,GO:0071310,GO:0071365,GO:0071495,GO:0071702,GO:0071705,GO:0071944,GO:0080144,GO:0098656,GO:0099568,GO:0140115,GO:1902475,GO:1903825,GO:1905039",,,S,EamA-like transporter family
LOC102591109,OG0001908,3.522881521,0.040458194,4113.PGSC0003DMT400005782,,,,,
LOC102582841,OG0001056,2.437581097,0.040458194,4113.PGSC0003DMT400038852,"GO:0001067,GO:0003674,GO:0003676,GO:0003677,GO:0003700,GO:0005488,GO:0006355,GO:0006950,GO:0007154,GO:0008150,GO:0009267,GO:0009605,GO:0009889,GO:0009890,GO:0009892,GO:0009987,GO:0009991,GO:0010033,GO:0010036,GO:0010200,GO:0010243,GO:0010468,GO:0010556,GO:0010558,GO:0010605,GO:0010629,GO:0016036,GO:0019219,GO:0019222,GO:0031323,GO:0031324,GO:0031326,GO:0031327,GO:0031667,GO:0031668,GO:0031669,GO:0033554,GO:0042221,GO:0042493,GO:0042594,GO:0044212,GO:0045892,GO:0045934,GO:0048519,GO:0048523,GO:0050789,GO:0050794,GO:0050896,GO:0051171,GO:0051172,GO:0051252,GO:0051253,GO:0051716,GO:0060255,GO:0065007,GO:0070887,GO:0071496,GO:0080029,GO:0080090,GO:0080169,GO:0097159,GO:0140110,GO:1901363,GO:1901698,GO:1901700,GO:1902679,GO:1903506,GO:1903507,GO:2000112,GO:2000113,GO:2001141",,,K,WRKY transcription factor
LOC102581602,OG0003978,-1.666878736,0.040458194,4113.PGSC0003DMT400058132,"GO:0005575,GO:0005623,GO:0005886,GO:0007275,GO:0008150,GO:0009791,GO:0016020,GO:0032501,GO:0032502,GO:0044464,GO:0048731,GO:0048856,GO:0071944,GO:0090696,GO:0099402",,,T,Leucine rich repeat N-terminal domain
LOC102587163,OG0002356,1.862517351,0.041658386,4113.PGSC0003DMT400024265,"GO:0003674,GO:0003700,GO:0005575,GO:0005622,GO:0005623,GO:0005634,GO:0006355,GO:0006996,GO:0008150,GO:0009657,GO:0009658,GO:0009889,GO:0009891,GO:0009893,GO:0009909,GO:0009910,GO:0009987,GO:0010380,GO:0010468,GO:0010556,GO:0010557,GO:0010604,GO:0010628,GO:0010638,GO:0016043,GO:0019219,GO:0019222,GO:0031323,GO:0031325,GO:0031326,GO:0031328,GO:0033043,GO:0043226,GO:0043227,GO:0043229,GO:0043231,GO:0044424,GO:0044464,GO:0045893,GO:0045935,GO:0048518,GO:0048519,GO:0048522,GO:0048580,GO:0048581,GO:0048831,GO:0050789,GO:0050793,GO:0050794,GO:0051093,GO:0051128,GO:0051130,GO:0051171,GO:0051173,GO:0051193,GO:0051239,GO:0051241,GO:0051252,GO:0051254,GO:0060255,GO:0065007,GO:0071840,GO:0080090,GO:0090056,GO:0140110,GO:1900055,GO:1900056,GO:1901401,GO:1901463,GO:1902680,GO:1903506,GO:1903508,GO:1905622,GO:2000024,GO:2000026,GO:2000112,GO:2000241,GO:2000242,GO:2001141",,,K,Transcription activator GLK1-like
LOC102587059,OG0012209,4.997187346,0.042294404,4113.PGSC0003DMT400044531,"GO:0003674,GO:0003824,GO:0005575,GO:0005618,GO:0005622,GO:0005623,GO:0005737,GO:0005783,GO:0005886,GO:0005911,GO:0009505,GO:0009506,GO:0012505,GO:0016020,GO:0016787,GO:0016788,GO:0030054,GO:0030312,GO:0043226,GO:0043227,GO:0043229,GO:0043231,GO:0044424,GO:0044444,GO:0044464,GO:0055044,GO:0071944",ko:K21407,,J,Strictosidine synthase
PME1,OG0003798,3.82672899,0.042294404,4081.Solyc07g064180.2.1,"GO:0003674,GO:0003824,GO:0004857,GO:0005575,GO:0005618,GO:0005622,GO:0005623,GO:0005737,GO:0005773,GO:0005774,GO:0005829,GO:0008150,GO:0009605,GO:0009607,GO:0009617,GO:0016020,GO:0016787,GO:0016788,GO:0030234,GO:0030312,GO:0030599,GO:0031090,GO:0043086,GO:0043207,GO:0043226,GO:0043227,GO:0043229,GO:0043231,GO:0044092,GO:0044422,GO:0044424,GO:0044437,GO:0044444,GO:0044446,GO:0044464,GO:0046910,GO:0050790,GO:0050896,GO:0051704,GO:0051707,GO:0052689,GO:0065007,GO:0065009,GO:0071944,GO:0098588,GO:0098772,GO:0098805",ko:K01051,"ko00040,ko01100,map00040,map01100",G,Acts in the modification of cell walls via demethylesterification of cell wall pectin
LOC102589632,OG0004355,3.46729712,0.042294404,4113.PGSC0003DMT400007334,,,,,
CKX4,OG0012286,3.341936881,0.042294404,4113.PGSC0003DMT400009621,"GO:0003674,GO:0003824,GO:0005575,GO:0005576,GO:0006725,GO:0006807,GO:0008150,GO:0008152,GO:0009056,GO:0009308,GO:0009690,GO:0009823,GO:0009987,GO:0010817,GO:0016491,GO:0016645,GO:0019139,GO:0034754,GO:0042445,GO:0042447,GO:0044237,GO:0046483,GO:0055114,GO:0065007,GO:0065008,GO:0071704,GO:1901564",ko:K00279,"ko00908,map00908",C,cytokinin
16R,OG0000253,-1.941279749,0.042294404,4081.Solyc11g010200.1.1,,ko:K06630,"ko04011,ko04110,ko04114,ko04151,ko04390,ko04391,ko04722,ko05169,ko05203,map04011,map04110,map04114,map04151,map04390,map04391,map04722,map05169,map05203",O,Belongs to the 14-3-3 family
LOC102589003,OG0003117,1.737713607,0.042294404,4113.PGSC0003DMT400043495,"GO:0001101,GO:0001676,GO:0003674,GO:0003824,GO:0004497,GO:0005488,GO:0005575,GO:0005622,GO:0005623,GO:0005737,GO:0005739,GO:0006082,GO:0006629,GO:0006631,GO:0006690,GO:0006950,GO:0006952,GO:0008144,GO:0008150,GO:0008152,GO:0008202,GO:0009058,GO:0009507,GO:0009526,GO:0009532,GO:0009534,GO:0009535,GO:0009536,GO:0009570,GO:0009579,GO:0009605,GO:0009607,GO:0009611,GO:0009620,GO:0009694,GO:0009695,GO:0009719,GO:0009725,GO:0009753,GO:0009941,GO:0009978,GO:0009987,GO:0010033,GO:0010287,GO:0010817,GO:0016020,GO:0016053,GO:0016125,GO:0016491,GO:0016829,GO:0016835,GO:0016836,GO:0019369,GO:0019373,GO:0019752,GO:0019825,GO:0031407,GO:0031967,GO:0031975,GO:0031976,GO:0031984,GO:0032787,GO:0033559,GO:0034357,GO:0036094,GO:0042221,GO:0042445,GO:0042446,GO:0042651,GO:0043207,GO:0043226,GO:0043227,GO:0043229,GO:0043231,GO:0043436,GO:0044237,GO:0044238,GO:0044249,GO:0044255,GO:0044281,GO:0044283,GO:0044422,GO:0044424,GO:0044434,GO:0044435,GO:0044436,GO:0044444,GO:0044446,GO:0044464,GO:0046394,GO:0050832,GO:0050896,GO:0051704,GO:0051707,GO:0055035,GO:0055114,GO:0065007,GO:0065008,GO:0071704,GO:0072330,GO:0098542,GO:1901360,GO:1901568,GO:1901576,GO:1901615,GO:1901700",ko:K01723,"ko00592,ko01100,ko01110,map00592,map01100,map01110",Q,Belongs to the cytochrome P450 family
LOC102578851,OG0001569,1.702637407,0.042294404,4113.PGSC0003DMT400033014,,,,T,Rhomboid family
LOC102590022,OG0001139,1.486923162,0.042294404,4113.PGSC0003DMT400069917,"GO:0003333,GO:0003674,GO:0005215,GO:0005342,GO:0005575,GO:0005623,GO:0005886,GO:0006810,GO:0006811,GO:0006812,GO:0006820,GO:0006855,GO:0006865,GO:0008150,GO:0008324,GO:0008509,GO:0008514,GO:0009628,GO:0015075,GO:0015171,GO:0015175,GO:0015179,GO:0015193,GO:0015238,GO:0015318,GO:0015711,GO:0015804,GO:0015807,GO:0015824,GO:0015849,GO:0015893,GO:0016020,GO:0022857,GO:0034220,GO:0035524,GO:0042221,GO:0042493,GO:0043090,GO:0044464,GO:0046942,GO:0046943,GO:0050896,GO:0051179,GO:0051234,GO:0055085,GO:0071702,GO:0071705,GO:0071944,GO:0080167,GO:0098655,GO:0098656,GO:1902475,GO:1903825,GO:1905039",,,E,Proline transporter
LOC102602560,OG0005608,1.218882004,0.042294404,4113.PGSC0003DMT400074761,,,,,
LOC102593654,OG0001156,1.61014643,0.044010715,4113.PGSC0003DMT400062939,,,,S,Histidine phosphatase superfamily (branch 1)
LOC102591787,OG0010343,2.110386167,0.045804215,4113.PGSC0003DMT400042448,"GO:0006950,GO:0008150,GO:0009266,GO:0009408,GO:0009628,GO:0050896",ko:K13993,"ko04141,map04141",O,Belongs to the small heat shock protein (HSP20) family
LOC102579625,OG0009873,3.010908327,0.045837569,4113.PGSC0003DMT400073694,,,,S,post-illumination chlorophyll fluorescence increase
LOC102586830,OG0002405,3.007077947,0.045837569,4113.PGSC0003DMT400017284,"GO:0005575,GO:0005622,GO:0005623,GO:0005737,GO:0009507,GO:0009536,GO:0043226,GO:0043227,GO:0043229,GO:0043231,GO:0044424,GO:0044444,GO:0044464",,,O,4Fe-4S single cluster domain of Ferredoxin I
LOC102577608,OG0002197,1.654201194,0.047208256,4081.Solyc04g011670.2.1,,ko:K14431,"ko04075,map04075",K,TGACG-sequence-specific DNA-binding protein
LOC102592814,NA,1.652294779,0.047208256,4113.PGSC0003DMT400051969,"GO:0003674,GO:0003824,GO:0004497,GO:0005575,GO:0008150,GO:0008152,GO:0009058,GO:0009987,GO:0010035,GO:0010038,GO:0010039,GO:0016020,GO:0016491,GO:0016705,GO:0016709,GO:0019748,GO:0042221,GO:0044550,GO:0050896,GO:0051716,GO:0055114,GO:0070887,GO:0071241,GO:0071248,GO:0071281",ko:K00512,"ko00140,ko01100,ko04913,ko04917,ko04927,ko04934,map00140,map01100,map04913,map04917,map04927,map04934",Q,Cytochrome p450
LOC102599011,OG0001233,4.900201738,0.047997898,4113.PGSC0003DMT400026491,"GO:0000003,GO:0000323,GO:0000325,GO:0002376,GO:0003006,GO:0003674,GO:0003824,GO:0004175,GO:0004197,GO:0005575,GO:0005576,GO:0005615,GO:0005618,GO:0005622,GO:0005623,GO:0005737,GO:0005764,GO:0005773,GO:0005783,GO:0005788,GO:0006508,GO:0006807,GO:0006950,GO:0006952,GO:0006955,GO:0007275,GO:0008150,GO:0008152,GO:0008219,GO:0008233,GO:0008234,GO:0009056,GO:0009057,GO:0009505,GO:0009555,GO:0009605,GO:0009607,GO:0009620,GO:0009626,GO:0009791,GO:0009908,GO:0009987,GO:0010623,GO:0012501,GO:0012505,GO:0016787,GO:0019538,GO:0022414,GO:0030154,GO:0030163,GO:0030312,GO:0031974,GO:0032501,GO:0032502,GO:0033554,GO:0034050,GO:0043170,GO:0043207,GO:0043226,GO:0043227,GO:0043229,GO:0043231,GO:0043233,GO:0044237,GO:0044238,GO:0044248,GO:0044257,GO:0044260,GO:0044265,GO:0044267,GO:0044421,GO:0044422,GO:0044424,GO:0044432,GO:0044444,GO:0044446,GO:0044464,GO:0045087,GO:0048229,GO:0048367,GO:0048437,GO:0048438,GO:0048443,GO:0048466,GO:0048468,GO:0048608,GO:0048653,GO:0048658,GO:0048731,GO:0048827,GO:0048856,GO:0048869,GO:0050832,GO:0050896,GO:0051603,GO:0051704,GO:0051707,GO:0051716,GO:0061458,GO:0070011,GO:0070013,GO:0071704,GO:0071944,GO:0090567,GO:0098542,GO:0099402,GO:0140096,GO:1901564,GO:1901565,GO:1901575",,,O,Belongs to the peptidase C1 family
LOC102582440,OG0008498,2.236687894,0.047997898,4113.PGSC0003DMT400032896,"GO:0000139,GO:0005575,GO:0005622,GO:0005623,GO:0005737,GO:0005794,GO:0012505,GO:0016020,GO:0031090,GO:0031984,GO:0043226,GO:0043227,GO:0043229,GO:0043231,GO:0044422,GO:0044424,GO:0044431,GO:0044444,GO:0044446,GO:0044464,GO:0098588,GO:0098791",ko:K00737,"ko00510,ko01100,map00510,map01100",S,Glycosyltransferase family 17
LOC102600905,OG0007382,1.409505513,0.047997898,4113.PGSC0003DMT400002220,"GO:0003674,GO:0003824,GO:0005488,GO:0005515,GO:0005575,GO:0005622,GO:0005623,GO:0005737,GO:0006725,GO:0006807,GO:0008150,GO:0008152,GO:0008168,GO:0008171,GO:0008757,GO:0009058,GO:0009820,GO:0009821,GO:0009987,GO:0016740,GO:0016741,GO:0019438,GO:0030766,GO:0032259,GO:0033799,GO:0034641,GO:0042802,GO:0042803,GO:0044237,GO:0044249,GO:0044271,GO:0044424,GO:0044464,GO:0046983,GO:0071704,GO:1901564,GO:1901566,GO:1901576",ko:K16040,"ko00945,map00945",S,Dimerisation domain
