Run,Sample_Control
DRR751250,Sample
ERR14838686,Sample
ERR15361994,Sample
ERR15361995,Sample
ERR15361996,Sample
SRR19668076,Sample
SRR19668073,Sample
SRR19668075,Sample
SRR19668074,Sample
SRR27844544,Sample
SRR19668080,Sample
SRR19668079,Sample
SRR19668078,Sample
SRR19668077,Sample
SRR23852720,Sample
SRR22860235,Control
SRR22860236,Sample
SRR22860237,Sample
SRR23852722,Sample
SRR23852721,Sample
SRR22860242,Sample
SRR22860239,Sample
SRR22860240,Sample
SRR22860241,Sample
SRR22860238,Sample
SRR22860245,Sample
SRR22860246,Sample
SRR22860247,Sample
SRR22860243,Sample
SRR22860244,Sample
SRR22860251,Control
SRR22860252,Sample
SRR22860250,Sample
SRR22860248,Control
SRR22860249,Control
SRR22860254,Control
SRR22860255,Control
SRR22860256,Control
SRR22860253,Sample
SRR22860257,Sample
SRR22860262,Control
SRR22860260,Control
SRR22860261,Control
SRR22860258,Sample
SRR22860259,Sample
SRR22461492,Sample
SRR22461491,Sample
SRR22461490,Sample
SRR22461489,Sample
SRR22860263,Control
SRR18497792,Sample
SRR18497791,Sample
SRR18497790,Sample
SRR18497789,Sample
SRR22461493,Sample
SRR18497796,Sample
SRR18497795,Sample
SRR18497794,Sample
SRR18497793,Sample
SRR17520219,Control
SRR17520237,Sample
SRR17520223,Sample
SRR17520222,Sample
SRR17520221,Control
SRR17520220,Control
SRR17520230,Sample
SRR17520229,Sample
SRR17520228,Control
SRR17520226,Control
SRR17520225,Control
SRR17520236,Sample
SRR17520235,Control
SRR17520234,Control
SRR17520233,Control
SRR17520231,Sample
SRR15495633,Sample
SRR15495632,Sample
SRR15495631,Sample
SRR17520240,Sample
SRR17520239,Sample
SRR15495634,Sample
SRR15495638,Sample
SRR15495637,Sample
SRR15495636,Sample
SRR15495635,Sample
SRR15495639,Sample
SRR15495643,Sample
SRR15495642,Sample
SRR15495641,Sample
SRR15495640,Sample
SRR15495648,Sample
SRR15495647,Sample
SRR15495646,Sample
SRR15495645,Sample
SRR15495644,Sample
SRR15495649,Sample
SRR15495650,Sample
SRR15495653,Sample
SRR15495652,Sample
SRR15495651,Sample
SRR15495658,Sample
SRR15495657,Sample
SRR15495656,Sample
SRR15495655,Sample
SRR15495654,Sample
SRR15495661,Sample
SRR15495663,Sample
SRR15495662,Sample
SRR15495660,Sample
SRR15495659,Sample
SRR15495666,Sample
SRR15495665,Sample
SRR15495664,Sample
SRR15495668,Sample
SRR15495667,Sample
SRR15495672,Sample
SRR15495673,Sample
SRR15495671,Sample
SRR15495670,Sample
SRR15495669,Sample
SRR15495677,Sample
SRR15495676,Sample
SRR15495675,Sample
SRR15495674,Sample
SRR15495678,Sample
SRR12224687,Sample
SRR12224688,Sample
SRR12224689,Sample
SRR15495680,Sample
SRR15495679,Sample
DRR163418,Control
DRR163419,Sample
SRR8775467,Control
SRR8775477,Control
SRR12224690,Sample
SRR8450365,Sample
SRR8450366,Sample
SRR8450367,Sample
SRR8450368,Sample
SRR8450369,Sample
SRR8450370,Sample
SRR8450371,Sample
SRR8450372,Sample
SRR8775478,Control
SRR8450355,Sample
SRR8450356,Sample
SRR8450357,Sample
SRR8450358,Sample
SRR8450359,Sample
SRR8450360,Sample
SRR8450361,Sample
SRR8450362,Sample
SRR8450363,Sample
SRR8450364,Sample
SRR8450328,Sample
SRR8450329,Sample
SRR8450330,Sample
SRR8450331,Sample
SRR8450332,Sample
SRR8450333,Sample
SRR8450334,Sample
SRR8450335,Sample
SRR8450336,Sample
SRR8450337,Sample
SRR8450338,Sample
SRR8450339,Sample
SRR8450340,Sample
SRR8450341,Sample
SRR8450342,Sample
SRR8450343,Sample
SRR8450344,Sample
SRR8450345,Sample
SRR8450346,Sample
SRR8450347,Sample
SRR8450348,Sample
SRR8450349,Sample
SRR8450350,Sample
SRR8450351,Sample
SRR8450352,Sample
SRR5832181,Sample
SRR8450308,Sample
SRR8450309,Sample
SRR8450310,Sample
SRR8450311,Sample
SRR8450312,Sample
SRR8450313,Sample
SRR8450314,Sample
SRR8450315,Sample
SRR8450316,Sample
SRR8450317,Sample
SRR8450318,Sample
SRR8450319,Sample
SRR8450320,Sample
SRR8450321,Sample
SRR8450322,Sample
SRR8450323,Sample
SRR8450324,Sample
SRR8450325,Sample
SRR8450326,Sample
SRR8450327,Sample
SRR5832176,Sample
SRR5832177,Sample
SRR5832178,Sample
SRR5832179,Sample
SRR5832180,Sample
SRR5832171,Control
SRR5832172,Control
SRR5832173,Sample
SRR5832174,Sample
SRR5832175,Sample
SRR035184,Control
SRR035185,Control
SRR2039800,Control
SRR2039801,Sample
SRR2039802,Sample
SRR5832170,Control
SRR035182,Sample
SRR035183,Sample
SRR915955,Sample
SRR915956,Sample
SRR36427965,Control
SRR36427964,Sample
SRR36427967,Control
SRR36427966,Control
SRR36427970,Sample
SRR36427969,Sample
SRR36427968,Sample
SRR36427973,Sample
SRR36427972,Sample
SRR36427975,Control
SRR36427974,Control
SRR36427971,Control
SRR29881160,Sample
SRR29881157,Sample
SRR29881156,Control
SRR29881155,Control
SRR29881154,Control
SRR29881161,Sample
