"Orthogroup", "regulation_pattern"  , "total_DEG_genes", "upregulated_genes", "downregulated_genes", "upregulated_fraction", "downregulated_fraction", "studies_present"                                                                                                                                              , "plant_species"                                         , "n_studies", "n_plant_species"
"OG0005222" , "mostly_downregulated",                 3,                   0,                     3,      0                ,        1                , "PRJNA1137360_Solanum_tuberosum;PRJNA394727_Humulus_lupulus;PRJNA515609_Solanum_lycopersicum"                                                                  , "Solanum_tuberosum;Humulus_lupulus;Solanum_lycopersicum",           3,                 3
"OG0013123" , "mostly_downregulated",                 4,                   0,                     4,      0                ,        1                , "PRJNA1137360_Solanum_tuberosum;PRJNA394727_Humulus_lupulus;PRJNA515609_Solanum_lycopersicum;PRJNA914898_Solanum_tuberosum"                                    , "Solanum_tuberosum;Humulus_lupulus;Solanum_lycopersicum",           4,                 3
"OG0000110" , "mostly_downregulated",                 4,                   1,                     3,      0.25             ,        0.75             , "PRJNA1137360_Solanum_tuberosum;PRJNA394727_Humulus_lupulus;PRJNA515609_Solanum_lycopersicum"                                                                  , "Solanum_tuberosum;Humulus_lupulus;Solanum_lycopersicum",           3,                 3
"OG0000147" , "mostly_downregulated",                 4,                   1,                     3,      0.25             ,        0.75             , "PRJNA1137360_Solanum_tuberosum;PRJNA394727_Humulus_lupulus;PRJNA515609_Solanum_lycopersicum;PRJNA914898_Solanum_tuberosum"                                    , "Solanum_tuberosum;Humulus_lupulus;Solanum_lycopersicum",           4,                 3
"OG0000187" , "mostly_downregulated",                 4,                   1,                     3,      0.25             ,        0.75             , "PRJNA1137360_Solanum_tuberosum;PRJNA394727_Humulus_lupulus;PRJNA515609_Solanum_lycopersicum;PRJNA914898_Solanum_tuberosum"                                    , "Solanum_tuberosum;Humulus_lupulus;Solanum_lycopersicum",           4,                 3
"OG0000215" , "mostly_downregulated",                 4,                   1,                     3,      0.25             ,        0.75             , "PRJNA1137360_Solanum_tuberosum;PRJNA394727_Humulus_lupulus;PRJNA515609_Solanum_lycopersicum"                                                                  , "Solanum_tuberosum;Humulus_lupulus;Solanum_lycopersicum",           3,                 3
"OG0001199" , "mostly_downregulated",                 4,                   1,                     3,      0.25             ,        0.75             , "PRJNA1137360_Solanum_tuberosum;PRJNA394727_Humulus_lupulus;PRJNA515609_Solanum_lycopersicum;PRJNA914898_Solanum_tuberosum"                                    , "Solanum_tuberosum;Humulus_lupulus;Solanum_lycopersicum",           4,                 3
"OG0001796" , "mostly_downregulated",                 4,                   1,                     3,      0.25             ,        0.75             , "PRJNA1137360_Solanum_tuberosum;PRJNA394727_Humulus_lupulus;PRJNA515609_Solanum_lycopersicum;PRJNA914898_Solanum_tuberosum"                                    , "Solanum_tuberosum;Humulus_lupulus;Solanum_lycopersicum",           4,                 3
"OG0003978" , "mostly_downregulated",                 4,                   1,                     3,      0.25             ,        0.75             , "PRJNA1137360_Solanum_tuberosum;PRJNA394727_Humulus_lupulus;PRJNA515609_Solanum_lycopersicum;PRJNA914898_Solanum_tuberosum"                                    , "Solanum_tuberosum;Humulus_lupulus;Solanum_lycopersicum",           4,                 3
"OG0001792" , "mostly_downregulated",                 7,                   2,                     5,      0.285714285714286,        0.714285714285714, "PRJNA1137360_Solanum_tuberosum;PRJNA394727_Humulus_lupulus;PRJNA515609_Solanum_lycopersicum"                                                                  , "Solanum_tuberosum;Humulus_lupulus;Solanum_lycopersicum",           3,                 3
"OG0000123" , "mostly_upregulated"  ,                 4,                   4,                     0,      1                ,        0                , "PRJNA1137360_Solanum_tuberosum;PRJNA394727_Humulus_lupulus;PRJNA515609_Solanum_lycopersicum"                                                                  , "Solanum_tuberosum;Humulus_lupulus;Solanum_lycopersicum",           3,                 3
"OG0000259" , "mostly_upregulated"  ,                 3,                   3,                     0,      1                ,        0                , "PRJNA1137360_Solanum_tuberosum;PRJNA394727_Humulus_lupulus;PRJNA515609_Solanum_lycopersicum"                                                                  , "Solanum_tuberosum;Humulus_lupulus;Solanum_lycopersicum",           3,                 3
"OG0000438" , "mostly_upregulated"  ,                 4,                   4,                     0,      1                ,        0                , "PRJNA1137360_Solanum_tuberosum;PRJNA394727_Humulus_lupulus;PRJNA515609_Solanum_lycopersicum;PRJNA849770_Solanum_lycopersicum"                                 , "Solanum_tuberosum;Humulus_lupulus;Solanum_lycopersicum",           4,                 3
"OG0000625" , "mostly_upregulated"  ,                 3,                   3,                     0,      1                ,        0                , "PRJNA1137360_Solanum_tuberosum;PRJNA394727_Humulus_lupulus;PRJNA515609_Solanum_lycopersicum"                                                                  , "Solanum_tuberosum;Humulus_lupulus;Solanum_lycopersicum",           3,                 3
"OG0000738" , "mostly_upregulated"  ,                 3,                   3,                     0,      1                ,        0                , "PRJNA1137360_Solanum_tuberosum;PRJNA394727_Humulus_lupulus;PRJNA515609_Solanum_lycopersicum"                                                                  , "Solanum_tuberosum;Humulus_lupulus;Solanum_lycopersicum",           3,                 3
"OG0001383" , "mostly_upregulated"  ,                 3,                   3,                     0,      1                ,        0                , "PRJNA1137360_Solanum_tuberosum;PRJNA394727_Humulus_lupulus;PRJNA515609_Solanum_lycopersicum"                                                                  , "Solanum_tuberosum;Humulus_lupulus;Solanum_lycopersicum",           3,                 3
"OG0001447" , "mostly_upregulated"  ,                 3,                   3,                     0,      1                ,        0                , "PRJNA1137360_Solanum_tuberosum;PRJNA394727_Humulus_lupulus;PRJNA515609_Solanum_lycopersicum"                                                                  , "Solanum_tuberosum;Humulus_lupulus;Solanum_lycopersicum",           3,                 3
"OG0001639" , "mostly_upregulated"  ,                 7,                   7,                     0,      1                ,        0                , "PRJNA1137360_Solanum_tuberosum;PRJNA394727_Humulus_lupulus;PRJNA515609_Solanum_lycopersicum;PRJNA849770_Solanum_lycopersicum"                                 , "Solanum_tuberosum;Humulus_lupulus;Solanum_lycopersicum",           4,                 3
"OG0002166" , "mostly_upregulated"  ,                 4,                   4,                     0,      1                ,        0                , "PRJNA1137360_Solanum_tuberosum;PRJNA394727_Humulus_lupulus;PRJNA515609_Solanum_lycopersicum;PRJNA849770_Solanum_lycopersicum"                                 , "Solanum_tuberosum;Humulus_lupulus;Solanum_lycopersicum",           4,                 3
"OG0002354" , "mostly_upregulated"  ,                 4,                   4,                     0,      1                ,        0                , "PRJNA1137360_Solanum_tuberosum;PRJNA394727_Humulus_lupulus;PRJNA515609_Solanum_lycopersicum"                                                                  , "Solanum_tuberosum;Humulus_lupulus;Solanum_lycopersicum",           3,                 3
"OG0002385" , "mostly_upregulated"  ,                 7,                   7,                     0,      1                ,        0                , "PRJNA1137360_Solanum_tuberosum;PRJNA394727_Humulus_lupulus;PRJNA515609_Solanum_lycopersicum;PRJNA849770_Solanum_lycopersicum"                                 , "Solanum_tuberosum;Humulus_lupulus;Solanum_lycopersicum",           4,                 3
"OG0003105" , "mostly_upregulated"  ,                 3,                   3,                     0,      1                ,        0                , "PRJNA1137360_Solanum_tuberosum;PRJNA394727_Humulus_lupulus;PRJNA515609_Solanum_lycopersicum"                                                                  , "Solanum_tuberosum;Humulus_lupulus;Solanum_lycopersicum",           3,                 3
"OG0003202" , "mostly_upregulated"  ,                 3,                   3,                     0,      1                ,        0                , "PRJNA1137360_Solanum_tuberosum;PRJNA394727_Humulus_lupulus;PRJNA515609_Solanum_lycopersicum"                                                                  , "Solanum_tuberosum;Humulus_lupulus;Solanum_lycopersicum",           3,                 3
"OG0004162" , "mostly_upregulated"  ,                 4,                   4,                     0,      1                ,        0                , "PRJNA1137360_Solanum_tuberosum;PRJNA394727_Humulus_lupulus;PRJNA515607_Solanum_lycopersicum;PRJNA515609_Solanum_lycopersicum"                                 , "Solanum_tuberosum;Humulus_lupulus;Solanum_lycopersicum",           4,                 3
"OG0004706" , "mostly_upregulated"  ,                 4,                   4,                     0,      1                ,        0                , "PRJNA1137360_Solanum_tuberosum;PRJNA394727_Humulus_lupulus;PRJNA515609_Solanum_lycopersicum;PRJNA849770_Solanum_lycopersicum"                                 , "Solanum_tuberosum;Humulus_lupulus;Solanum_lycopersicum",           4,                 3
"OG0005264" , "mostly_upregulated"  ,                 3,                   3,                     0,      1                ,        0                , "PRJNA1137360_Solanum_tuberosum;PRJNA394727_Humulus_lupulus;PRJNA515609_Solanum_lycopersicum"                                                                  , "Solanum_tuberosum;Humulus_lupulus;Solanum_lycopersicum",           3,                 3
"OG0005479" , "mostly_upregulated"  ,                 4,                   4,                     0,      1                ,        0                , "PRJNA1137360_Solanum_tuberosum;PRJNA394727_Humulus_lupulus;PRJNA515609_Solanum_lycopersicum"                                                                  , "Solanum_tuberosum;Humulus_lupulus;Solanum_lycopersicum",           3,                 3
"OG0005513" , "mostly_upregulated"  ,                 3,                   3,                     0,      1                ,        0                , "PRJNA1137360_Solanum_tuberosum;PRJNA394727_Humulus_lupulus;PRJNA515609_Solanum_lycopersicum"                                                                  , "Solanum_tuberosum;Humulus_lupulus;Solanum_lycopersicum",           3,                 3
"OG0006338" , "mostly_upregulated"  ,                 4,                   4,                     0,      1                ,        0                , "PRJNA1137360_Solanum_tuberosum;PRJNA394727_Humulus_lupulus;PRJNA515609_Solanum_lycopersicum;PRJNA849770_Solanum_lycopersicum"                                 , "Solanum_tuberosum;Humulus_lupulus;Solanum_lycopersicum",           4,                 3
"OG0008030" , "mostly_upregulated"  ,                 3,                   3,                     0,      1                ,        0                , "PRJNA1137360_Solanum_tuberosum;PRJNA394727_Humulus_lupulus;PRJNA515609_Solanum_lycopersicum"                                                                  , "Solanum_tuberosum;Humulus_lupulus;Solanum_lycopersicum",           3,                 3
"OG0000128" , "mostly_upregulated"  ,                10,                   9,                     1,      0.9              ,        0.1              , "PRJNA1137360_Solanum_tuberosum;PRJNA394727_Humulus_lupulus;PRJNA515609_Solanum_lycopersicum;PRJNA849770_Solanum_lycopersicum"                                 , "Solanum_tuberosum;Humulus_lupulus;Solanum_lycopersicum",           4,                 3
"OG0000860" , "mostly_upregulated"  ,                 9,                   8,                     1,      0.888888888888889,        0.111111111111111, "PRJNA1137360_Solanum_tuberosum;PRJNA394727_Humulus_lupulus;PRJNA515609_Solanum_lycopersicum"                                                                  , "Solanum_tuberosum;Humulus_lupulus;Solanum_lycopersicum",           3,                 3
"OG0000145" , "mostly_upregulated"  ,                 8,                   7,                     1,      0.875            ,        0.125            , "PRJNA1137360_Solanum_tuberosum;PRJNA394727_Humulus_lupulus;PRJNA515609_Solanum_lycopersicum;PRJNA849770_Solanum_lycopersicum"                                 , "Solanum_tuberosum;Humulus_lupulus;Solanum_lycopersicum",           4,                 3
"OG0000141" , "mostly_upregulated"  ,                 7,                   6,                     1,      0.857142857142857,        0.142857142857143, "PRJNA1137360_Solanum_tuberosum;PRJNA394727_Humulus_lupulus;PRJNA515609_Solanum_lycopersicum"                                                                  , "Solanum_tuberosum;Humulus_lupulus;Solanum_lycopersicum",           3,                 3
"OG0000066" , "mostly_upregulated"  ,                 6,                   5,                     1,      0.833333333333333,        0.166666666666667, "PRJNA1137360_Solanum_tuberosum;PRJNA394727_Humulus_lupulus;PRJNA515609_Solanum_lycopersicum;PRJNA914898_Solanum_tuberosum"                                    , "Solanum_tuberosum;Humulus_lupulus;Solanum_lycopersicum",           4,                 3
"OG0000415" , "mostly_upregulated"  ,                 6,                   5,                     1,      0.833333333333333,        0.166666666666667, "PRJNA1137360_Solanum_tuberosum;PRJNA394727_Humulus_lupulus;PRJNA515609_Solanum_lycopersicum;PRJNA849770_Solanum_lycopersicum"                                 , "Solanum_tuberosum;Humulus_lupulus;Solanum_lycopersicum",           4,                 3
"OG0001056" , "mostly_upregulated"  ,                 6,                   5,                     1,      0.833333333333333,        0.166666666666667, "PRJNA1137360_Solanum_tuberosum;PRJNA394727_Humulus_lupulus;PRJNA515609_Solanum_lycopersicum;PRJNA914898_Solanum_tuberosum"                                    , "Solanum_tuberosum;Humulus_lupulus;Solanum_lycopersicum",           4,                 3
"OG0005784" , "mostly_upregulated"  ,                 6,                   5,                     1,      0.833333333333333,        0.166666666666667, "PRJNA1137360_Solanum_tuberosum;PRJNA394727_Humulus_lupulus;PRJNA515609_Solanum_lycopersicum;PRJNA849770_Solanum_lycopersicum"                                 , "Solanum_tuberosum;Humulus_lupulus;Solanum_lycopersicum",           4,                 3
"OG0000922" , "mostly_upregulated"  ,                11,                   9,                     2,      0.818181818181818,        0.181818181818182, "PRJNA1137360_Solanum_tuberosum;PRJNA394727_Humulus_lupulus;PRJNA515607_Solanum_lycopersicum;PRJNA515609_Solanum_lycopersicum;PRJNA849770_Solanum_lycopersicum", "Solanum_tuberosum;Humulus_lupulus;Solanum_lycopersicum",           5,                 3
"OG0000394" , "mostly_upregulated"  ,                 5,                   4,                     1,      0.8              ,        0.2              , "PRJNA1137360_Solanum_tuberosum;PRJNA394727_Humulus_lupulus;PRJNA515609_Solanum_lycopersicum"                                                                  , "Solanum_tuberosum;Humulus_lupulus;Solanum_lycopersicum",           3,                 3
"OG0001216" , "mostly_upregulated"  ,                 5,                   4,                     1,      0.8              ,        0.2              , "PRJNA1137360_Solanum_tuberosum;PRJNA394727_Humulus_lupulus;PRJNA515607_Solanum_lycopersicum;PRJNA515609_Solanum_lycopersicum;PRJNA849770_Solanum_lycopersicum", "Solanum_tuberosum;Humulus_lupulus;Solanum_lycopersicum",           5,                 3
"OG0001908" , "mostly_upregulated"  ,                 5,                   4,                     1,      0.8              ,        0.2              , "PRJNA1137360_Solanum_tuberosum;PRJNA394727_Humulus_lupulus;PRJNA515609_Solanum_lycopersicum;PRJNA914898_Solanum_tuberosum"                                    , "Solanum_tuberosum;Humulus_lupulus;Solanum_lycopersicum",           4,                 3
"OG0000067" , "mostly_upregulated"  ,                 9,                   7,                     2,      0.777777777777778,        0.222222222222222, "PRJNA1137360_Solanum_tuberosum;PRJNA394727_Humulus_lupulus;PRJNA515609_Solanum_lycopersicum;PRJNA849770_Solanum_lycopersicum"                                 , "Solanum_tuberosum;Humulus_lupulus;Solanum_lycopersicum",           4,                 3
"OG0000117" , "mostly_upregulated"  ,                13,                  10,                     3,      0.769230769230769,        0.230769230769231, "PRJNA1137360_Solanum_tuberosum;PRJNA394727_Humulus_lupulus;PRJNA515609_Solanum_lycopersicum;PRJNA849770_Solanum_lycopersicum"                                 , "Solanum_tuberosum;Humulus_lupulus;Solanum_lycopersicum",           4,                 3
"OG0000097" , "mostly_upregulated"  ,                 8,                   6,                     2,      0.75             ,        0.25             , "PRJNA1137360_Solanum_tuberosum;PRJNA394727_Humulus_lupulus;PRJNA515609_Solanum_lycopersicum"                                                                  , "Solanum_tuberosum;Humulus_lupulus;Solanum_lycopersicum",           3,                 3
"OG0000431" , "mostly_upregulated"  ,                 8,                   6,                     2,      0.75             ,        0.25             , "PRJNA1137360_Solanum_tuberosum;PRJNA394727_Humulus_lupulus;PRJNA515609_Solanum_lycopersicum;PRJNA849770_Solanum_lycopersicum"                                 , "Solanum_tuberosum;Humulus_lupulus;Solanum_lycopersicum",           4,                 3
"OG0000442" , "mostly_upregulated"  ,                 4,                   3,                     1,      0.75             ,        0.25             , "PRJNA1137360_Solanum_tuberosum;PRJNA394727_Humulus_lupulus;PRJNA515609_Solanum_lycopersicum;PRJNA849770_Solanum_lycopersicum"                                 , "Solanum_tuberosum;Humulus_lupulus;Solanum_lycopersicum",           4,                 3
"OG0001483" , "mostly_upregulated"  ,                 4,                   3,                     1,      0.75             ,        0.25             , "PRJNA1137360_Solanum_tuberosum;PRJNA394727_Humulus_lupulus;PRJNA515609_Solanum_lycopersicum"                                                                  , "Solanum_tuberosum;Humulus_lupulus;Solanum_lycopersicum",           3,                 3
"OG0001621" , "mostly_upregulated"  ,                 4,                   3,                     1,      0.75             ,        0.25             , "PRJNA1137360_Solanum_tuberosum;PRJNA394727_Humulus_lupulus;PRJNA515609_Solanum_lycopersicum;PRJNA849770_Solanum_lycopersicum"                                 , "Solanum_tuberosum;Humulus_lupulus;Solanum_lycopersicum",           4,                 3
"OG0001757" , "mostly_upregulated"  ,                 4,                   3,                     1,      0.75             ,        0.25             , "PRJNA1137360_Solanum_tuberosum;PRJNA394727_Humulus_lupulus;PRJNA515609_Solanum_lycopersicum;PRJNA849770_Solanum_lycopersicum"                                 , "Solanum_tuberosum;Humulus_lupulus;Solanum_lycopersicum",           4,                 3
"OG0001895" , "mostly_upregulated"  ,                 4,                   3,                     1,      0.75             ,        0.25             , "PRJNA1137360_Solanum_tuberosum;PRJNA394727_Humulus_lupulus;PRJNA515609_Solanum_lycopersicum"                                                                  , "Solanum_tuberosum;Humulus_lupulus;Solanum_lycopersicum",           3,                 3
"OG0003140" , "mostly_upregulated"  ,                 4,                   3,                     1,      0.75             ,        0.25             , "PRJNA1137360_Solanum_tuberosum;PRJNA394727_Humulus_lupulus;PRJNA515609_Solanum_lycopersicum;PRJNA849770_Solanum_lycopersicum"                                 , "Solanum_tuberosum;Humulus_lupulus;Solanum_lycopersicum",           4,                 3
"OG0003780" , "mostly_upregulated"  ,                 4,                   3,                     1,      0.75             ,        0.25             , "PRJNA1137360_Solanum_tuberosum;PRJNA394727_Humulus_lupulus;PRJNA515609_Solanum_lycopersicum;PRJNA914898_Solanum_tuberosum"                                    , "Solanum_tuberosum;Humulus_lupulus;Solanum_lycopersicum",           4,                 3
"OG0003964" , "mostly_upregulated"  ,                 4,                   3,                     1,      0.75             ,        0.25             , "PRJNA1137360_Solanum_tuberosum;PRJNA394727_Humulus_lupulus;PRJNA515609_Solanum_lycopersicum"                                                                  , "Solanum_tuberosum;Humulus_lupulus;Solanum_lycopersicum",           3,                 3
"OG0004661" , "mostly_upregulated"  ,                 4,                   3,                     1,      0.75             ,        0.25             , "PRJNA1137360_Solanum_tuberosum;PRJNA394727_Humulus_lupulus;PRJNA515609_Solanum_lycopersicum;PRJNA914898_Solanum_tuberosum"                                    , "Solanum_tuberosum;Humulus_lupulus;Solanum_lycopersicum",           4,                 3
"OG0005630" , "mostly_upregulated"  ,                 4,                   3,                     1,      0.75             ,        0.25             , "PRJNA1137360_Solanum_tuberosum;PRJNA394727_Humulus_lupulus;PRJNA515609_Solanum_lycopersicum;PRJNA849770_Solanum_lycopersicum"                                 , "Solanum_tuberosum;Humulus_lupulus;Solanum_lycopersicum",           4,                 3
"OG0011798" , "mostly_upregulated"  ,                 4,                   3,                     1,      0.75             ,        0.25             , "PRJNA1137360_Solanum_tuberosum;PRJNA394727_Humulus_lupulus;PRJNA515609_Solanum_lycopersicum;PRJNA914898_Solanum_tuberosum"                                    , "Solanum_tuberosum;Humulus_lupulus;Solanum_lycopersicum",           4,                 3
"OG0000018" , "mostly_upregulated"  ,                14,                  10,                     4,      0.714285714285714,        0.285714285714286, "PRJNA1137360_Solanum_tuberosum;PRJNA394727_Humulus_lupulus;PRJNA515609_Solanum_lycopersicum;PRJNA849770_Solanum_lycopersicum;PRJNA914898_Solanum_tuberosum"   , "Solanum_tuberosum;Humulus_lupulus;Solanum_lycopersicum",           5,                 3
"OG0000316" , "mostly_upregulated"  ,                 7,                   5,                     2,      0.714285714285714,        0.285714285714286, "PRJNA1137360_Solanum_tuberosum;PRJNA394727_Humulus_lupulus;PRJNA515607_Solanum_lycopersicum;PRJNA515609_Solanum_lycopersicum;PRJNA849770_Solanum_lycopersicum", "Solanum_tuberosum;Humulus_lupulus;Solanum_lycopersicum",           5,                 3
"OG0001150" , "mostly_upregulated"  ,                 7,                   5,                     2,      0.714285714285714,        0.285714285714286, "PRJNA1137360_Solanum_tuberosum;PRJNA394727_Humulus_lupulus;PRJNA515609_Solanum_lycopersicum;PRJNA849770_Solanum_lycopersicum"                                 , "Solanum_tuberosum;Humulus_lupulus;Solanum_lycopersicum",           4,                 3
"OG0005614" , "mostly_upregulated"  ,                 7,                   5,                     2,      0.714285714285714,        0.285714285714286, "PRJNA1137360_Solanum_tuberosum;PRJNA394727_Humulus_lupulus;PRJNA515609_Solanum_lycopersicum;PRJNA849770_Solanum_lycopersicum"                                 , "Solanum_tuberosum;Humulus_lupulus;Solanum_lycopersicum",           4,                 3
