Run,Number_filtered_reads,Uniquely_mapped_perc,Multi_mapped_perc,Unmapped_short_perc,Unmapped_other_perc
SRR8450323,349827,14.27,24.55,12.56,46.93
SRR8450363,10515489,69.92,9.32,19.75,0.76
SRR8450355,5850959,62.57,9.17,24.88,3.01
SRR8450361,8608874,70.52,10.21,18.34,0.69
SRR5832175,17163854,55.21,41.2,2.39,0.74
SRR19668078,25781102,94.66,4.48,0.64,0.2
SRR8450331,1213462,10.21,29.93,11.37,47.05
SRR36427972,27079194,92.21,4.77,2.94,0.01
SRR8450341,3815069,11.23,31.01,11.85,44.09
SRR19668080,25918303,75.09,8.24,11.64,4.52
SRR8450351,4337575,19.55,34.55,11.47,32.71
SRR5832179,19245980,55.58,40.81,2.16,0.66
SRR8450309,1188288,14.96,25.51,11.52,46.42
SRR8450365,7700251,74.24,10.56,14.25,0.7
SRR5832170,22362067,45.39,52.28,1.51,0.5
SRR36427967,34173905,89.86,4.86,5.18,0
SRR29881157,37130171,89.91,4.12,5.89,0
SRR5832181,16201057,50.08,47.13,2.04,0.35
SRR8450336,2648952,14.24,27.68,11.55,44.89
SRR22860260,32884383,12.25,78.21,1.71,0.15
SRR8450371,7227762,66.66,8.63,23.67,0.79
SRR5832173,18455635,58.04,39.77,1.46,0.32
SRR5832172,19071897,55.5,42.5,1.26,0.35
SRR8450370,3177492,67.79,8.84,22.47,0.64
SRR8450327,13170820,16.7,25.62,14.11,41.56
SRR19668079,25819875,94.84,4.16,0.65,0.32
SRR8450368,1326671,75.07,9.34,14.56,0.79
SRR19668076,25822933,95.31,3.81,0.61,0.24
SRR36427973,31059127,90.1,3.94,5.9,0
SRR22860258,33464194,17.54,72.09,4.94,0.3
SRR36427975,36896635,90.18,3.76,6,0.01
SRR36427966,29860663,90.65,4.09,5.19,0
SRR36427968,34726581,88.67,4.37,6.88,0
SRR8450321,3444278,11.52,35.31,12.49,38.93
SRR22860237,29295301,7.62,77.39,4.3,0.32
SRR22860257,35833947,15.12,74.05,4.96,0.36
SRR5832171,20151539,59.08,38.36,1.59,0.47
SRR22860261,31926968,10.01,75.65,5.39,0.31
SRR8450346,3860295,11.78,40.67,14.27,31.66
SRR19668074,25994673,95.21,4.03,0.53,0.2
SRR22860235,33251804,12.55,74.8,5.4,0.29
SRR29881156,33594161,89.36,4.84,5.7,0
SRR5832174,23519876,59.5,37.84,1.74,0.4
SRR17520231,50105657,97.02,2.05,0.69,0
SRR22860241,27763255,6.25,75.08,4.56,0.34
SRR8450357,4641582,69.58,9.83,19.44,0.85
SRR36427964,31398977,89.86,3.85,6.23,0
SRR19668073,25767302,94.7,4.31,0.65,0.3
SRR8450316,4716232,12.75,33.56,13.57,38.27
SRR8450359,10132313,72.95,10.52,15.42,0.83
SRR17520235,50940258,96.71,2.13,0.91,0
SRR5832180,17329343,56.58,39.84,2.28,0.59
SRR22860263,30398605,20.45,63.5,6.09,0.51
SRR22860259,38947867,11.37,79.9,3.67,0.28
SRR36427969,35193396,90.18,4.34,5.41,0
SRR19668075,25631726,94.89,4.17,0.63,0.28
SRR29881154,34597511,90.81,3.57,5.57,0
SRR36427974,34292814,89.46,3.9,6.56,0
SRR19668077,25885337,94.54,4.44,0.68,0.31
SRR22860251,29148430,28.89,62.17,4.41,0.23
SRR22860239,30535748,35.75,54.06,3.42,0.52
SRR29881160,39564624,87.69,3.51,8.76,0
SRR22860236,30982465,22.13,66.98,4.65,0.37
SRR17520240,52020244,96.32,2.16,1.21,0
SRR36427970,35510821,86.3,4.1,9.53,0
SRR22860262,27305864,8.9,77.07,4.58,0.27
SRR17520236,53985837,96.71,2.16,0.84,0
SRR17520234,60939015,96.62,2.15,0.98,0
SRR17520237,59232333,96.44,2.3,0.94,0.01
SRR22860240,28270727,23.48,66.67,4.57,0.28
SRR29881161,32692701,86.89,4.25,8.79,0
SRR17520221,60588440,96.32,2.27,0.91,0.01
SRR36427971,33477198,91.94,3.8,4.2,0
SRR36427965,36442440,90.99,4.85,4.05,0
SRR17520222,64962925,96.57,2.15,0.87,0.01
SRR17520239,51493507,96.11,2.2,1.05,0
SRR29881155,39029966,92.12,3.75,4.07,0
SRR22860238,34507026,28.52,61.95,4.56,0.23
SRR17520230,70834457,96.68,2.06,0.97,0.01
SRR17520223,68536817,96.36,2.13,0.9,0.01
SRR17520225,73865447,96.81,1.97,0.89,0.01
SRR17520233,54846918,96.5,2.22,0.75,0
SRR17520228,72731261,96.62,2.1,0.86,0.01
SRR17520219,64294648,96.52,2.19,0.78,0.01
SRR17520226,70587544,96.79,2.03,0.77,0.01
SRR17520229,83178490,96.17,2.13,1.04,0.01
SRR17520220,75478224,96.85,2.08,0.89,0.01
