Run,Raw_reads,Avg_read_length,Library_name,Library_strategy,Platform,BioProject,Scientific_name,Sample_name,Sample_Control_manual_curated,Number_filtered_reads,Uniquely_mapped_perc,Multi_mapped_perc,Unmapped_short_perc,Unmapped_other_perc
SRR8450323,377915,152,,RNA-Seq,ION_TORRENT,PRJNA515607,Solanum lycopersicum,GSM3566705,Sample,349827,14.27,24.55,12.56,46.93
SRR8450363,11522401,126,,RNA-Seq,ION_TORRENT,PRJNA515609,Solanum lycopersicum,GSM3566715,Sample,10515489,69.92,9.32,19.75,0.76
SRR8450355,6502218,146,,RNA-Seq,ION_TORRENT,PRJNA515609,Solanum lycopersicum,GSM3566711,Sample,5850959,62.57,9.17,24.88,3.01
SRR8450361,9751751,134,,RNA-Seq,ION_TORRENT,PRJNA515609,Solanum lycopersicum,GSM3566714,Sample,8608874,70.52,10.21,18.34,0.69
SRR5832175,17412058,50,,RNA-Seq,ILLUMINA,PRJNA394727,Humulus lupulus,GSM2705481,Sample,17163854,55.21,41.2,2.39,0.74
SRR19668078,51562706,100,AC-HS-3,RNA-Seq,DNBSEQ,PRJNA849770,Solanum lycopersicum,WT 3,Control,25781102,94.66,4.48,0.64,0.2
SRR8450331,1311989,161,,RNA-Seq,ION_TORRENT,PRJNA515607,Solanum lycopersicum,GSM3566706,Sample,1213462,10.21,29.93,11.37,47.05
SRR36427972,39556576,131,coi1INF3,RNA-Seq,ILLUMINA,PRJNA1137360,Solanum tuberosum,coi1INF3,Sample,27079194,92.21,4.77,2.94,0.01
SRR8450341,4115251,161,,RNA-Seq,ION_TORRENT,PRJNA515607,Solanum lycopersicum,GSM3566708,Control,3815069,11.23,31.01,11.85,44.09
SRR19668080,51836750,100,AC-HS-1,RNA-Seq,DNBSEQ,PRJNA849770,Solanum lycopersicum,WT 1,Control,25918303,75.09,8.24,11.64,4.52
SRR8450351,4758385,140,,RNA-Seq,ION_TORRENT,PRJNA515607,Solanum lycopersicum,GSM3566710,Control,4337575,19.55,34.55,11.47,32.71
SRR5832179,19267467,50,,RNA-Seq,ILLUMINA,PRJNA394727,Humulus lupulus,GSM2705485,Sample,19245980,55.58,40.81,2.16,0.66
SRR8450309,1299578,158,,RNA-Seq,ION_TORRENT,PRJNA515607,Solanum lycopersicum,GSM3566702,Sample,1188288,14.96,25.51,11.52,46.42
SRR8450365,8487249,144,,RNA-Seq,ION_TORRENT,PRJNA515609,Solanum lycopersicum,GSM3566716,Sample,7700251,74.24,10.56,14.25,0.7
SRR5832170,22486527,50,,RNA-Seq,ILLUMINA,PRJNA394727,Humulus lupulus,GSM2705476,Control,22362067,45.39,52.28,1.51,0.5
SRR36427967,34375139,202,coi1MOCK1,RNA-Seq,ILLUMINA,PRJNA1137360,Solanum tuberosum,coi1MOCK1,Control,34173905,89.86,4.86,5.18,0
SRR29881157,37537564,202,wtINF3,RNA-Seq,ILLUMINA,PRJNA1137360,Solanum tuberosum,wtINF3,Sample,37130171,89.91,4.12,5.89,0
SRR5832181,16216724,50,,RNA-Seq,ILLUMINA,PRJNA394727,Humulus lupulus,GSM2705487,Sample,16201057,50.08,47.13,2.04,0.35
SRR8450336,2818058,157,,RNA-Seq,ION_TORRENT,PRJNA515607,Solanum lycopersicum,GSM3566707,Sample,2648952,14.24,27.68,11.55,44.89
SRR22860260,33445513,151,5-kl-kon_S9,RNA-Seq,ILLUMINA,PRJNA914898,Solanum tuberosum,kl-kon,Control,32884383,12.25,78.21,1.71,0.15
SRR8450371,7971642,128,,RNA-Seq,ION_TORRENT,PRJNA515609,Solanum lycopersicum,GSM3566719,Control,7227762,66.66,8.63,23.67,0.79
SRR5832173,18658502,50,,RNA-Seq,ILLUMINA,PRJNA394727,Humulus lupulus,GSM2705479,Sample,18455635,58.04,39.77,1.46,0.32
SRR5832172,19139169,50,,RNA-Seq,ILLUMINA,PRJNA394727,Humulus lupulus,GSM2705478,Control,19071897,55.5,42.5,1.26,0.35
SRR8450370,3535829,142,,RNA-Seq,ION_TORRENT,PRJNA515609,Solanum lycopersicum,GSM3566718,Control,3177492,67.79,8.84,22.47,0.64
SRR8450327,15139180,153,,RNA-Seq,ION_TORRENT,PRJNA515607,Solanum lycopersicum,GSM3566705,Sample,13170820,16.7,25.62,14.11,41.56
SRR19668079,51639886,100,AC-HS-2,RNA-Seq,DNBSEQ,PRJNA849770,Solanum lycopersicum,WT 2,Control,25819875,94.84,4.16,0.65,0.32
SRR8450368,1439716,137,,RNA-Seq,ION_TORRENT,PRJNA515609,Solanum lycopersicum,GSM3566717,Control,1326671,75.07,9.34,14.56,0.79
SRR19668076,51646252,100,AC-HS-5,RNA-Seq,DNBSEQ,PRJNA849770,Solanum lycopersicum,35S:amiR-PSTVd-1,Sample,25822933,95.31,3.81,0.61,0.24
SRR36427973,31597652,202,coi1INF2,RNA-Seq,ILLUMINA,PRJNA1137360,Solanum tuberosum,coi1INF2,Sample,31059127,90.1,3.94,5.9,0
SRR22860258,34557292,150,16-kl-vir_S13,RNA-Seq,ILLUMINA,PRJNA914898,Solanum tuberosum,kl-vir,Sample,33464194,17.54,72.09,4.94,0.3
SRR36427975,37814277,202,opr3MOCK1,RNA-Seq,ILLUMINA,PRJNA1137360,Solanum tuberosum,opr3MOCK1,Control,36896635,90.18,3.76,6,0.01
SRR36427966,30132202,202,coi1MOCK2,RNA-Seq,ILLUMINA,PRJNA1137360,Solanum tuberosum,coi1MOCK2,Control,29860663,90.65,4.09,5.19,0
SRR36427968,35452657,202,opr3INF3,RNA-Seq,ILLUMINA,PRJNA1137360,Solanum tuberosum,opr3INF3,Sample,34726581,88.67,4.37,6.88,0
SRR8450321,3774735,166,,RNA-Seq,ION_TORRENT,PRJNA515607,Solanum lycopersicum,GSM3566704,Sample,3444278,11.52,35.31,12.49,38.93
SRR22860237,30226812,150,15-v-30d_S4,RNA-Seq,ILLUMINA,PRJNA914898,Solanum tuberosum,v-30d,Sample,29295301,7.62,77.39,4.3,0.32
SRR22860257,36859523,150,18-kl-vir_S15,RNA-Seq,ILLUMINA,PRJNA914898,Solanum tuberosum,kl-vir,Sample,35833947,15.12,74.05,4.96,0.36
SRR5832171,20384176,50,,RNA-Seq,ILLUMINA,PRJNA394727,Humulus lupulus,GSM2705477,Control,20151539,59.08,38.36,1.59,0.47
SRR22860261,32617187,150,4-kl-kon_S7,RNA-Seq,ILLUMINA,PRJNA914898,Solanum tuberosum,kl-kon,Control,31926968,10.01,75.65,5.39,0.31
SRR8450346,4384019,164,,RNA-Seq,ION_TORRENT,PRJNA515607,Solanum lycopersicum,GSM3566709,Control,3860295,11.78,40.67,14.27,31.66
SRR19668074,51989556,100,AC-HS-7,RNA-Seq,DNBSEQ,PRJNA849770,Solanum lycopersicum,35S:amiR-PSTVd-5,Sample,25994673,95.21,4.03,0.53,0.2
SRR22860235,33859655,150,2-kl-kon_S5,RNA-Seq,ILLUMINA,PRJNA914898,Solanum tuberosum,kl-kon,Control,33251804,12.55,74.8,5.4,0.29
SRR29881156,34342510,202,wtMOCK1,RNA-Seq,ILLUMINA,PRJNA1137360,Solanum tuberosum,wtMOCK1,Control,33594161,89.36,4.84,5.7,0
SRR5832174,23543056,50,,RNA-Seq,ILLUMINA,PRJNA394727,Humulus lupulus,GSM2705480,Sample,23519876,59.5,37.84,1.74,0.4
SRR17520231,50371944,299,25-mRNA-T2-HSVd-R1,RNA-Seq,ILLUMINA,PRJNA795883,Cucumis sativus,25-mRNA-T2-HSVd-R1,Sample,50105657,97.02,2.05,0.69,0
SRR22860241,28986778,150,14-v-14d_S2,RNA-Seq,ILLUMINA,PRJNA914898,Solanum tuberosum,v-14d,Sample,27763255,6.25,75.08,4.56,0.34
SRR8450357,5272468,150,,RNA-Seq,ION_TORRENT,PRJNA515609,Solanum lycopersicum,GSM3566712,Sample,4641582,69.58,9.83,19.44,0.85
SRR36427964,32026728,202,coi1INF1,RNA-Seq,ILLUMINA,PRJNA1137360,Solanum tuberosum,coi1INF1,Sample,31398977,89.86,3.85,6.23,0
SRR19668073,51535266,100,AC-HS-8,RNA-Seq,DNBSEQ,PRJNA849770,Solanum lycopersicum,35S:amiR-PSTVd-16,Sample,25767302,94.7,4.31,0.65,0.3
SRR8450316,5225186,155,,RNA-Seq,ION_TORRENT,PRJNA515607,Solanum lycopersicum,GSM3566703,Sample,4716232,12.75,33.56,13.57,38.27
SRR8450359,11084129,109,,RNA-Seq,ION_TORRENT,PRJNA515609,Solanum lycopersicum,GSM3566713,Sample,10132313,72.95,10.52,15.42,0.83
SRR17520235,51242396,299,22-mRNA-T1-MOCK-R1,RNA-Seq,ILLUMINA,PRJNA795883,Cucumis sativus,22-mRNA-T1-MOCK-R1,Control,50940258,96.71,2.13,0.91,0
SRR5832180,17346772,50,,RNA-Seq,ILLUMINA,PRJNA394727,Humulus lupulus,GSM2705486,Sample,17329343,56.58,39.84,2.28,0.59
SRR22860263,31470279,146,13-0d_S1,RNA-Seq,ILLUMINA,PRJNA914898,Solanum tuberosum,0d,Control,30398605,20.45,63.5,6.09,0.51
SRR22860259,39407635,150,10-kl-vir_S11,RNA-Seq,ILLUMINA,PRJNA914898,Solanum tuberosum,kl-vir,Sample,38947867,11.37,79.9,3.67,0.28
SRR36427969,35704870,202,opr3INF2,RNA-Seq,ILLUMINA,PRJNA1137360,Solanum tuberosum,opr3INF2,Sample,35193396,90.18,4.34,5.41,0
SRR19668075,51264098,100,AC-HS-6,RNA-Seq,DNBSEQ,PRJNA849770,Solanum lycopersicum,35S:amiR-PSTVd-2,Sample,25631726,94.89,4.17,0.63,0.28
SRR29881154,34775454,202,wtMOCK3,RNA-Seq,ILLUMINA,PRJNA1137360,Solanum tuberosum,wtMOCK3,Control,34597511,90.81,3.57,5.57,0
SRR36427974,34550138,202,opr3MOCK2,RNA-Seq,ILLUMINA,PRJNA1137360,Solanum tuberosum,opr3MOCK2,Control,34292814,89.46,3.9,6.56,0
SRR19668077,51770984,100,AC-HS-4,RNA-Seq,DNBSEQ,PRJNA849770,Solanum lycopersicum,WT 4,Control,25885337,94.54,4.44,0.68,0.31
SRR22860251,29810327,150,21-0d_S12,RNA-Seq,ILLUMINA,PRJNA914898,Solanum tuberosum,0d,Control,29148430,28.89,62.17,4.41,0.23
SRR22860239,30967432,150,22-v-14d_S14,RNA-Seq,ILLUMINA,PRJNA914898,Solanum tuberosum,v-14d,Sample,30535748,35.75,54.06,3.42,0.52
SRR29881160,40209167,202,wtINF2,RNA-Seq,ILLUMINA,PRJNA1137360,Solanum tuberosum,wtINF2,Sample,39564624,87.69,3.51,8.76,0
SRR22860236,31651345,150,19-v-30d_S10,RNA-Seq,ILLUMINA,PRJNA914898,Solanum tuberosum,v-30d,Sample,30982465,22.13,66.98,4.65,0.37
SRR17520240,52203584,299,19-mRNA-T1-HSVd-R1,RNA-Seq,ILLUMINA,PRJNA795883,Cucumis sativus,19-mRNA-T1-HSVd-R1,Sample,52020244,96.32,2.16,1.21,0
SRR36427970,35927634,202,opr3INF1,RNA-Seq,ILLUMINA,PRJNA1137360,Solanum tuberosum,opr3INF1,Sample,35510821,86.3,4.1,9.53,0
SRR22860262,27818126,150,17-0d_S6,RNA-Seq,ILLUMINA,PRJNA914898,Solanum tuberosum,0d,Control,27305864,8.9,77.07,4.58,0.27
SRR17520236,54256809,299,21-mRNA-T1-HSVd-R3,RNA-Seq,ILLUMINA,PRJNA795883,Cucumis sativus,21-mRNA-T1-HSVd-R3,Sample,53985837,96.71,2.16,0.84,0
SRR17520234,61325926,299,23-mRNA-T1-MOCK-R2,RNA-Seq,ILLUMINA,PRJNA795883,Cucumis sativus,23-mRNA-T1-MOCK-R2,Control,60939015,96.62,2.15,0.98,0
SRR17520237,59480722,299,31-mRNA-T3-HSVd-R1,RNA-Seq,ILLUMINA,PRJNA795883,Cucumis sativus,31-mRNA-T3-HSVd-R1,Sample,59232333,96.44,2.3,0.94,0.01
SRR22860240,28811248,150,18-v-14d_S8,RNA-Seq,ILLUMINA,PRJNA914898,Solanum tuberosum,v-14d,Sample,28270727,23.48,66.67,4.57,0.28
SRR29881161,33272474,202,wtINF1,RNA-Seq,ILLUMINA,PRJNA1137360,Solanum tuberosum,wtINF1,Sample,32692701,86.89,4.25,8.79,0
SRR17520221,60848969,299,34-mRNA-T3-MOCK-R1,RNA-Seq,ILLUMINA,PRJNA795883,Cucumis sativus,34-mRNA-T3-MOCK-R1,Control,60588440,96.32,2.27,0.91,0.01
SRR36427971,33629986,202,opr3MOCK3,RNA-Seq,ILLUMINA,PRJNA1137360,Solanum tuberosum,opr3MOCK3,Control,33477198,91.94,3.8,4.2,0
SRR36427965,36780390,202,coi1MOCK3,RNA-Seq,ILLUMINA,PRJNA1137360,Solanum tuberosum,coi1MOCK3,Control,36442440,90.99,4.85,4.05,0
SRR17520222,65381464,299,33-mRNA-T3-HSVd-R3,RNA-Seq,ILLUMINA,PRJNA795883,Cucumis sativus,33-mRNA-T3-HSVd-R3,Sample,64962925,96.57,2.15,0.87,0.01
SRR17520239,51646169,299,20-mRNA-T1-HSVd-R2,RNA-Seq,ILLUMINA,PRJNA795883,Cucumis sativus,20-mRNA-T1-HSVd-R2,Sample,51493507,96.11,2.2,1.05,0
SRR29881155,39198340,202,wtMOCK2,RNA-Seq,ILLUMINA,PRJNA1137360,Solanum tuberosum,wtMOCK2,Control,39029966,92.12,3.75,4.07,0
SRR22860238,35109688,151,23-v-30d_S3,RNA-Seq,ILLUMINA,PRJNA914898,Solanum tuberosum,v-30d,Sample,34507026,28.52,61.95,4.56,0.23
SRR17520230,71109806,299,26-mRNA-T2-HSVd-R2,RNA-Seq,ILLUMINA,PRJNA795883,Cucumis sativus,26-mRNA-T2-HSVd-R2,Sample,70834457,96.68,2.06,0.97,0.01
SRR17520223,68798254,299,32-mRNA-T3-HSVd-R2,RNA-Seq,ILLUMINA,PRJNA795883,Cucumis sativus,32-mRNA-T3-HSVd-R2,Sample,68536817,96.36,2.13,0.9,0.01
SRR17520225,74156028,299,30-mRNA-T2-MOCK-R3,RNA-Seq,ILLUMINA,PRJNA795883,Cucumis sativus,30-mRNA-T2-MOCK-R3,Control,73865447,96.81,1.97,0.89,0.01
SRR17520233,55107155,299,24-mRNA-T1-MOCK-R3,RNA-Seq,ILLUMINA,PRJNA795883,Cucumis sativus,24-mRNA-T1-MOCK-R3,Control,54846918,96.5,2.22,0.75,0
SRR17520228,73049546,299,28-mRNA-T2-MOCK-R1,RNA-Seq,ILLUMINA,PRJNA795883,Cucumis sativus,28-mRNA-T2-MOCK-R1,Control,72731261,96.62,2.1,0.86,0.01
SRR17520219,64575975,299,36-mRNA-T3-MOCK-R3,RNA-Seq,ILLUMINA,PRJNA795883,Cucumis sativus,36-mRNA-T3-MOCK-R3,Control,64294648,96.52,2.19,0.78,0.01
SRR17520226,71001934,299,29-mRNA-T2-MOCK-R2,RNA-Seq,ILLUMINA,PRJNA795883,Cucumis sativus,29-mRNA-T2-MOCK-R2,Control,70587544,96.79,2.03,0.77,0.01
SRR17520229,83494856,299,27-mRNA-T2-HSVd-R3,RNA-Seq,ILLUMINA,PRJNA795883,Cucumis sativus,27-mRNA-T2-HSVd-R3,Sample,83178490,96.17,2.13,1.04,0.01
SRR17520220,75870909,299,35-mRNA-T3-MOCK-R2,RNA-Seq,ILLUMINA,PRJNA795883,Cucumis sativus,35-mRNA-T3-MOCK-R2,Control,75478224,96.85,2.08,0.89,0.01

