Run,Assigned_reads
SRR8450323,43687
SRR8450363,6343110
SRR8450355,3142135
SRR8450361,5341135
SRR5832175,7224037
SRR8450331,110469
SRR36427972,23480820
SRR8450341,379662
SRR19668080,18933568
SRR19668078,23878092
SRR8450351,724355
SRR5832179,7580968
SRR8450309,161522
SRR8450365,4959983
SRR36427967,28666003
SRR8450336,329981
SRR5832181,5805810
SRR5832170,7031258
SRR8450371,4171526
SRR8450370,1895507
SRR5832173,8175662
SRR5832172,7740365
SRR8450327,1945951
SRR8450368,879529
SRR29881157,31807770
SRR36427973,26148402
SRR36427975,31619548
SRR36427968,29581114
SRR8450321,347428
SRR36427966,25200294
SRR19668076,23972336
SRR19668079,23886132
SRR5832171,8671559
SRR8450346,393664
SRR5832174,10655128
SRR29881156,28811744
SRR17520231,47616980
SRR8450357,2777965
SRR8450316,527179
SRR19668074,24084402
SRR22860258,3724296
SRR36427964,26851281
SRR22860260,2984378
SRR8450359,6305080
SRR5832180,7105448
SRR19668075,23764988
SRR19668073,23805609
SRR36427974,29491109
SRR22860257,3513579
SRR22860235,2598223
SRR29881160,33107598
SRR22860263,4205607
SRR36427969,29832013
SRR36427970,29011426
SRR29881154,29834515
SRR22860251,6448852
SRR17520235,48313972
SRR19668077,23937678
SRR17520236,51175803
SRR22860236,4934901
SRR29881161,26856106
SRR17520240,49082426
SRR22860241,874347
SRR36427971,29481098
SRR36427965,31694715
SRR17520237,55528803
SRR17520222,61202551
SRR17520239,48476536
SRR22860237,1212639
SRR22860259,2990729
SRR22860261,1809228
SRR22860240,4965425
SRR22860239,8240422
SRR17520223,64261744
SRR22860262,1579806
SRR17520233,51804203
SRR17520225,69994946
SRR17520219,60344775
SRR17520221,56675552
SRR17520234,57697439
SRR17520228,68795909
SRR17520226,66934822
SRR17520229,78285122
SRR29881155,33993587
SRR17520220,71189305
SRR17520230,67092660
SRR22860238,7602989
