Run,total_reads,viroid_mapped_reads,percent
SRR8450323,349827,273,0.07804
SRR22860261,63853936,34319,0.05375
SRR29881157,74260342,16999,0.02289
SRR22860260,65768766,25463,0.03872
SRR22860237,58590602,8815,0.01505
SRR5832170,22362067,22017,0.09846
SRR8450363,10515489,1599,0.01521
SRR36427967,68347810,48209,0.07053
SRR5832175,17163854,192,0.00112
SRR19668080,51836606,865,0.00167
SRR5832179,19245980,46814,0.24324
SRR22860257,71667894,216,0.00030
SRR8450331,1213462,1715,0.14133
SRR22860258,66928388,3902,0.00583
SRR19668078,51562204,620,0.00120
SRR8450341,3815069,239,0.00626
SRR8450355,5850959,290,0.00496
SRR8450365,7700251,27603,0.35847
SRR22860241,55526510,40035,0.07210
SRR5832181,16201057,68,0.00042
SRR22860235,66503608,2395,0.00360
SRR8450336,2648952,7802,0.29453
SRR8450351,4337575,57701,1.33026
SRR8450361,8608874,6,0.00007
SRR5832173,18455635,2773,0.01503
SRR8450371,7227762,946,0.01309
SRR36427972,27079194,10,0.00004
SRR5832172,19071897,5369,0.02815
SRR8450327,13170820,3,0.00002
SRR8450309,1188288,189,0.01591
SRR36427975,73793270,1818,0.00246
SRR36427973,62118254,2072,0.00334
SRR19668079,51639750,13246,0.02565
SRR8450370,3177492,200,0.00629
SRR17520231,100211314,264,0.00026
SRR8450368,1326671,2498,0.18829
SRR22860263,60797210,217,0.00036
SRR36427968,69453162,4,0.00001
SRR22860259,77895734,289,0.00037
SRR5832171,20151539,24194,0.12006
SRR36427966,59721326,107,0.00018
SRR29881156,67188322,9467,0.01409
SRR8450321,3444278,3,0.00009
SRR19668073,51534604,3778,0.00733
SRR36427964,62797954,5301,0.00844
SRR8450346,3860295,44644,1.15649
SRR17520235,101880516,216,0.00021
SRR8450316,4716232,390,0.00827
SRR19668076,51645866,269,0.00052
SRR8450357,4641582,230,0.00496
SRR22860262,54611728,263,0.00048
SRR5832174,23519876,255,0.00108
SRR19668074,51989346,342,0.00066
SRR29881154,69195022,45426,0.06565
SRR8450359,10132313,82,0.00081
SRR5832180,17329343,121,0.00070
SRR22860251,58296860,16,0.00003
SRR22860239,61071496,165,0.00027
SRR36427969,70386792,11953,0.01698
SRR17520240,104040488,219,0.00021
SRR17520237,118464666,263,0.00022
SRR17520234,121878030,192,0.00016
SRR36427974,68585628,3,0.00000
SRR22860240,56541454,207,0.00037
SRR17520221,121176880,140,0.00012
SRR22860236,61964930,167,0.00027
SRR22860238,69014052,157,0.00023
SRR29881161,65385402,69,0.00011
SRR17520222,129925850,31959,0.02460
SRR19668075,51263452,118,0.00023
SRR36427970,71021642,172,0.00024
SRR17520236,107971674,18,0.00002
SRR17520230,141668914,140,0.00010
SRR17520239,102987014,23421,0.02274
SRR17520225,147730894,57,0.00004
SRR17520223,137073634,194,0.00014
SRR36427971,66954396,25300,0.03779
SRR29881160,79129248,4835,0.00611
SRR19668077,51770674,325,0.00063
SRR29881155,78059932,153,0.00020
SRR36427965,72884880,101,0.00014
SRR17520228,145462522,43556,0.02994
SRR17520219,128589296,223,0.00017
SRR17520233,109693836,101,0.00009
SRR17520229,166356980,305,0.00018
SRR17520226,141175088,439,0.00031
SRR17520220,150956448,64309,0.04260
