Run,spots,avgLength,LibraryName,LibraryStrategy,Platform,BioProject,ScientificName,SampleName
SRR36427964,32026728,202,coi1INF1,RNA-Seq,ILLUMINA,PRJNA1137360,Solanum tuberosum,coi1INF1
SRR36427967,34375139,202,coi1MOCK1,RNA-Seq,ILLUMINA,PRJNA1137360,Solanum tuberosum,coi1MOCK1
SRR36427966,30132202,202,coi1MOCK2,RNA-Seq,ILLUMINA,PRJNA1137360,Solanum tuberosum,coi1MOCK2
SRR36427965,36780390,202,coi1MOCK3,RNA-Seq,ILLUMINA,PRJNA1137360,Solanum tuberosum,coi1MOCK3
SRR36427968,35452657,202,opr3INF3,RNA-Seq,ILLUMINA,PRJNA1137360,Solanum tuberosum,opr3INF3
SRR36427973,31597652,202,coi1INF2,RNA-Seq,ILLUMINA,PRJNA1137360,Solanum tuberosum,coi1INF2
SRR36427972,39556576,131,coi1INF3,RNA-Seq,ILLUMINA,PRJNA1137360,Solanum tuberosum,coi1INF3
SRR36427971,33629986,202,opr3MOCK3,RNA-Seq,ILLUMINA,PRJNA1137360,Solanum tuberosum,opr3MOCK3
SRR36427970,35927634,202,opr3INF1,RNA-Seq,ILLUMINA,PRJNA1137360,Solanum tuberosum,opr3INF1
SRR36427969,35704870,202,opr3INF2,RNA-Seq,ILLUMINA,PRJNA1137360,Solanum tuberosum,opr3INF2
SRR36427975,37814277,202,opr3MOCK1,RNA-Seq,ILLUMINA,PRJNA1137360,Solanum tuberosum,opr3MOCK1
SRR36427974,34550138,202,opr3MOCK2,RNA-Seq,ILLUMINA,PRJNA1137360,Solanum tuberosum,opr3MOCK2
SRR29881156,34342510,202,wtMOCK1,RNA-Seq,ILLUMINA,PRJNA1137360,Solanum tuberosum,wtMOCK1
SRR29881155,39198340,202,wtMOCK2,RNA-Seq,ILLUMINA,PRJNA1137360,Solanum tuberosum,wtMOCK2
SRR29881154,34775454,202,wtMOCK3,RNA-Seq,ILLUMINA,PRJNA1137360,Solanum tuberosum,wtMOCK3
SRR19668073,51535266,100,AC-HS-8,RNA-Seq,DNBSEQ,PRJNA849770,Solanum lycopersicum,35S:amiR-PSTVd-16
SRR29881161,33272474,202,wtINF1,RNA-Seq,ILLUMINA,PRJNA1137360,Solanum tuberosum,wtINF1
SRR29881160,40209167,202,wtINF2,RNA-Seq,ILLUMINA,PRJNA1137360,Solanum tuberosum,wtINF2
SRR29881157,37537564,202,wtINF3,RNA-Seq,ILLUMINA,PRJNA1137360,Solanum tuberosum,wtINF3
SRR19668078,51562706,100,AC-HS-3,RNA-Seq,DNBSEQ,PRJNA849770,Solanum lycopersicum,WT 3
SRR19668077,51770984,100,AC-HS-4,RNA-Seq,DNBSEQ,PRJNA849770,Solanum lycopersicum,WT 4
SRR19668076,51646252,100,AC-HS-5,RNA-Seq,DNBSEQ,PRJNA849770,Solanum lycopersicum,35S:amiR-PSTVd-1
SRR19668075,51264098,100,AC-HS-6,RNA-Seq,DNBSEQ,PRJNA849770,Solanum lycopersicum,35S:amiR-PSTVd-2
SRR19668074,51989556,100,AC-HS-7,RNA-Seq,DNBSEQ,PRJNA849770,Solanum lycopersicum,35S:amiR-PSTVd-5
SRR19668080,51836750,100,AC-HS-1,RNA-Seq,DNBSEQ,PRJNA849770,Solanum lycopersicum,WT 1
SRR19668079,51639886,100,AC-HS-2,RNA-Seq,DNBSEQ,PRJNA849770,Solanum lycopersicum,WT 2
SRR22860235,33859655,150,2-kl-kon_S5,RNA-Seq,ILLUMINA,PRJNA914898,Solanum tuberosum,kl-kon
SRR22860239,30967432,150,22-v-14d_S14,RNA-Seq,ILLUMINA,PRJNA914898,Solanum tuberosum,v-14d
SRR22860236,31651345,150,19-v-30d_S10,RNA-Seq,ILLUMINA,PRJNA914898,Solanum tuberosum,v-30d
SRR22860237,30226812,150,15-v-30d_S4,RNA-Seq,ILLUMINA,PRJNA914898,Solanum tuberosum,v-30d
SRR22860238,35109688,151,23-v-30d_S3,RNA-Seq,ILLUMINA,PRJNA914898,Solanum tuberosum,v-30d
SRR22860240,28811248,150,18-v-14d_S8,RNA-Seq,ILLUMINA,PRJNA914898,Solanum tuberosum,v-14d
SRR22860241,28986778,150,14-v-14d_S2,RNA-Seq,ILLUMINA,PRJNA914898,Solanum tuberosum,v-14d
SRR22860251,29810327,150,21-0d_S12,RNA-Seq,ILLUMINA,PRJNA914898,Solanum tuberosum,0d
SRR22860257,36859523,150,18-kl-vir_S15,RNA-Seq,ILLUMINA,PRJNA914898,Solanum tuberosum,kl-vir
SRR22860258,34557292,150,16-kl-vir_S13,RNA-Seq,ILLUMINA,PRJNA914898,Solanum tuberosum,kl-vir
SRR22860259,39407635,150,10-kl-vir_S11,RNA-Seq,ILLUMINA,PRJNA914898,Solanum tuberosum,kl-vir
SRR22860260,33445513,151,5-kl-kon_S9,RNA-Seq,ILLUMINA,PRJNA914898,Solanum tuberosum,kl-kon
SRR22860261,32617187,150,4-kl-kon_S7,RNA-Seq,ILLUMINA,PRJNA914898,Solanum tuberosum,kl-kon
SRR22860262,27818126,150,17-0d_S6,RNA-Seq,ILLUMINA,PRJNA914898,Solanum tuberosum,0d
SRR22860263,31470279,146,13-0d_S1,RNA-Seq,ILLUMINA,PRJNA914898,Solanum tuberosum,0d
SRR17520221,60848969,299,34-mRNA-T3-MOCK-R1,RNA-Seq,ILLUMINA,PRJNA795883,Cucumis sativus,34-mRNA-T3-MOCK-R1
SRR17520220,75870909,299,35-mRNA-T3-MOCK-R2,RNA-Seq,ILLUMINA,PRJNA795883,Cucumis sativus,35-mRNA-T3-MOCK-R2
SRR17520219,64575975,299,36-mRNA-T3-MOCK-R3,RNA-Seq,ILLUMINA,PRJNA795883,Cucumis sativus,36-mRNA-T3-MOCK-R3
SRR17520226,71001934,299,29-mRNA-T2-MOCK-R2,RNA-Seq,ILLUMINA,PRJNA795883,Cucumis sativus,29-mRNA-T2-MOCK-R2
SRR17520225,74156028,299,30-mRNA-T2-MOCK-R3,RNA-Seq,ILLUMINA,PRJNA795883,Cucumis sativus,30-mRNA-T2-MOCK-R3
SRR17520237,59480722,299,31-mRNA-T3-HSVd-R1,RNA-Seq,ILLUMINA,PRJNA795883,Cucumis sativus,31-mRNA-T3-HSVd-R1
SRR17520223,68798254,299,32-mRNA-T3-HSVd-R2,RNA-Seq,ILLUMINA,PRJNA795883,Cucumis sativus,32-mRNA-T3-HSVd-R2
SRR17520222,65381464,299,33-mRNA-T3-HSVd-R3,RNA-Seq,ILLUMINA,PRJNA795883,Cucumis sativus,33-mRNA-T3-HSVd-R3
SRR17520233,55107155,299,24-mRNA-T1-MOCK-R3,RNA-Seq,ILLUMINA,PRJNA795883,Cucumis sativus,24-mRNA-T1-MOCK-R3
SRR17520231,50371944,299,25-mRNA-T2-HSVd-R1,RNA-Seq,ILLUMINA,PRJNA795883,Cucumis sativus,25-mRNA-T2-HSVd-R1
SRR17520230,71109806,299,26-mRNA-T2-HSVd-R2,RNA-Seq,ILLUMINA,PRJNA795883,Cucumis sativus,26-mRNA-T2-HSVd-R2
SRR17520229,83494856,299,27-mRNA-T2-HSVd-R3,RNA-Seq,ILLUMINA,PRJNA795883,Cucumis sativus,27-mRNA-T2-HSVd-R3
SRR17520228,73049546,299,28-mRNA-T2-MOCK-R1,RNA-Seq,ILLUMINA,PRJNA795883,Cucumis sativus,28-mRNA-T2-MOCK-R1
SRR17520240,52203584,299,19-mRNA-T1-HSVd-R1,RNA-Seq,ILLUMINA,PRJNA795883,Cucumis sativus,19-mRNA-T1-HSVd-R1
SRR17520239,51646169,299,20-mRNA-T1-HSVd-R2,RNA-Seq,ILLUMINA,PRJNA795883,Cucumis sativus,20-mRNA-T1-HSVd-R2
SRR17520236,54256809,299,21-mRNA-T1-HSVd-R3,RNA-Seq,ILLUMINA,PRJNA795883,Cucumis sativus,21-mRNA-T1-HSVd-R3
SRR17520235,51242396,299,22-mRNA-T1-MOCK-R1,RNA-Seq,ILLUMINA,PRJNA795883,Cucumis sativus,22-mRNA-T1-MOCK-R1
SRR17520234,61325926,299,23-mRNA-T1-MOCK-R2,RNA-Seq,ILLUMINA,PRJNA795883,Cucumis sativus,23-mRNA-T1-MOCK-R2
SRR8450371,7971642,128,,RNA-Seq,ION_TORRENT,PRJNA515609,Solanum lycopersicum,GSM3566719
SRR8450361,9751751,134,,RNA-Seq,ION_TORRENT,PRJNA515609,Solanum lycopersicum,GSM3566714
SRR8450363,11522401,126,,RNA-Seq,ION_TORRENT,PRJNA515609,Solanum lycopersicum,GSM3566715
SRR8450365,8487249,144,,RNA-Seq,ION_TORRENT,PRJNA515609,Solanum lycopersicum,GSM3566716
SRR8450368,1439716,137,,RNA-Seq,ION_TORRENT,PRJNA515609,Solanum lycopersicum,GSM3566717
SRR8450370,3535829,142,,RNA-Seq,ION_TORRENT,PRJNA515609,Solanum lycopersicum,GSM3566718
SRR8450346,4384019,164,,RNA-Seq,ION_TORRENT,PRJNA515607,Solanum lycopersicum,GSM3566709
SRR8450351,4758385,140,,RNA-Seq,ION_TORRENT,PRJNA515607,Solanum lycopersicum,GSM3566710
SRR8450355,6502218,146,,RNA-Seq,ION_TORRENT,PRJNA515609,Solanum lycopersicum,GSM3566711
SRR8450357,5272468,150,,RNA-Seq,ION_TORRENT,PRJNA515609,Solanum lycopersicum,GSM3566712
SRR8450359,11084129,109,,RNA-Seq,ION_TORRENT,PRJNA515609,Solanum lycopersicum,GSM3566713
SRR8450321,3774735,166,,RNA-Seq,ION_TORRENT,PRJNA515607,Solanum lycopersicum,GSM3566704
SRR8450323,377915,152,,RNA-Seq,ION_TORRENT,PRJNA515607,Solanum lycopersicum,GSM3566705
SRR8450327,15139180,153,,RNA-Seq,ION_TORRENT,PRJNA515607,Solanum lycopersicum,GSM3566705
SRR8450331,1311989,161,,RNA-Seq,ION_TORRENT,PRJNA515607,Solanum lycopersicum,GSM3566706
SRR8450336,2818058,157,,RNA-Seq,ION_TORRENT,PRJNA515607,Solanum lycopersicum,GSM3566707
SRR8450341,4115251,161,,RNA-Seq,ION_TORRENT,PRJNA515607,Solanum lycopersicum,GSM3566708
SRR5832179,19267467,50,,RNA-Seq,ILLUMINA,PRJNA394727,Humulus lupulus,GSM2705485
SRR5832180,17346772,50,,RNA-Seq,ILLUMINA,PRJNA394727,Humulus lupulus,GSM2705486
SRR5832181,16216724,50,,RNA-Seq,ILLUMINA,PRJNA394727,Humulus lupulus,GSM2705487
SRR8450309,1299578,158,,RNA-Seq,ION_TORRENT,PRJNA515607,Solanum lycopersicum,GSM3566702
SRR8450316,5225186,155,,RNA-Seq,ION_TORRENT,PRJNA515607,Solanum lycopersicum,GSM3566703
SRR5832174,23543056,50,,RNA-Seq,ILLUMINA,PRJNA394727,Humulus lupulus,GSM2705480
SRR5832175,17412058,50,,RNA-Seq,ILLUMINA,PRJNA394727,Humulus lupulus,GSM2705481
SRR5832170,22486527,50,,RNA-Seq,ILLUMINA,PRJNA394727,Humulus lupulus,GSM2705476
SRR5832171,20384176,50,,RNA-Seq,ILLUMINA,PRJNA394727,Humulus lupulus,GSM2705477
SRR5832172,19139169,50,,RNA-Seq,ILLUMINA,PRJNA394727,Humulus lupulus,GSM2705478
SRR5832173,18658502,50,,RNA-Seq,ILLUMINA,PRJNA394727,Humulus lupulus,GSM2705479
