Run,ReleaseDate,LoadDate,spots,bases,spots_with_mates,avgLength,size_MB,AssemblyName,download_path,Experiment,LibraryName,LibraryStrategy,LibrarySelection,LibrarySource,LibraryLayout,InsertSize,InsertDev,Platform,Model,SRAStudy,BioProject,Study_Pubmed_id,ProjectID,Sample,BioSample,SampleType,TaxID,ScientificName,SampleName,g1k_pop_code,source,g1k_analysis_group,Subject_ID,Sex,Disease,Tumor,Affection_Status,Analyte_Type,Histological_Type,Body_Site,CenterName,Submission,dbgap_study_accession,Consent,RunHash,ReadHash
SRR36427964,2026-01-12 03:35:48,2025-12-12 13:29:53,32026728,6469399056,32026728,202,1919,,https://sra-downloadb.be-md.ncbi.nlm.nih.gov/sos11/sra-pub-zq-1140/SRR036/36427/SRR36427964/SRR36427964.lite.1,SRX31454218,coi1INF1,RNA-Seq,cDNA,TRANSCRIPTOMIC,PAIRED,0,0,ILLUMINA,Illumina NovaSeq 6000,SRP520815,PRJNA1137360,,1137360,SRS27437412,SAMN52100073,simple,4113,Solanum tuberosum,coi1INF1,,,,,,,no,,,,,RUDER BOSKOVIC INSTITUTE,SRA2241335,,public,BE50D63272E0123AA349915AF22986CA,6DA62D441140CA7BF0CDDF65F767A5C8
SRR36427967,2026-01-12 03:35:48,2025-12-12 13:29:01,34375139,6943778078,34375139,202,2097,,https://sra-downloadb.be-md.ncbi.nlm.nih.gov/sos11/sra-pub-zq-1140/SRR036/36427/SRR36427967/SRR36427967.lite.1,SRX31454215,coi1MOCK1,RNA-Seq,cDNA,TRANSCRIPTOMIC,PAIRED,0,0,ILLUMINA,Illumina NovaSeq 6000,SRP520815,PRJNA1137360,,1137360,SRS27437409,SAMN52100070,simple,4113,Solanum tuberosum,coi1MOCK1,,,,,,,no,,,,,RUDER BOSKOVIC INSTITUTE,SRA2241335,,public,B29EDDD93B24EB36C8D5C6A5E2C5393C,F15D133CD1CCA9999A2137469FB7F0EC
SRR36427966,2026-01-12 03:35:48,2025-12-12 13:29:13,30132202,6086704804,30132202,202,1807,,https://sra-downloadb.be-md.ncbi.nlm.nih.gov/sos11/sra-pub-zq-1140/SRR036/36427/SRR36427966/SRR36427966.lite.1,SRX31454216,coi1MOCK2,RNA-Seq,cDNA,TRANSCRIPTOMIC,PAIRED,0,0,ILLUMINA,Illumina NovaSeq 6000,SRP520815,PRJNA1137360,,1137360,SRS27437410,SAMN52100071,simple,4113,Solanum tuberosum,coi1MOCK2,,,,,,,no,,,,,RUDER BOSKOVIC INSTITUTE,SRA2241335,,public,77F93266DCC43AD33CB1670D6BA92547,F65955B8AF886ED700B0F6E112B7364D
SRR36427965,2026-01-12 03:35:48,2025-12-12 13:29:23,36780390,7429638780,36780390,202,2164,,https://sra-downloadb.be-md.ncbi.nlm.nih.gov/sos11/sra-pub-zq-1140/SRR036/36427/SRR36427965/SRR36427965.lite.1,SRX31454217,coi1MOCK3,RNA-Seq,cDNA,TRANSCRIPTOMIC,PAIRED,0,0,ILLUMINA,Illumina NovaSeq 6000,SRP520815,PRJNA1137360,,1137360,SRS27437411,SAMN52100072,simple,4113,Solanum tuberosum,coi1MOCK3,,,,,,,no,,,,,RUDER BOSKOVIC INSTITUTE,SRA2241335,,public,9751724FCB823AA9AFE60DE4ACAAF5C8,41717C0F6799B1E75C0AB01F863E514C
SRR36427968,2026-01-12 03:35:48,2025-12-12 13:29:03,35452657,7161436714,35452657,202,2108,,https://sra-downloadb.be-md.ncbi.nlm.nih.gov/sos11/sra-pub-zq-1140/SRR036/36427/SRR36427968/SRR36427968.lite.1,SRX31454214,opr3INF3,RNA-Seq,cDNA,TRANSCRIPTOMIC,PAIRED,0,0,ILLUMINA,Illumina NovaSeq 6000,SRP520815,PRJNA1137360,,1137360,SRS27437408,SAMN52100069,simple,4113,Solanum tuberosum,opr3INF3,,,,,,,no,,,,,RUDER BOSKOVIC INSTITUTE,SRA2241335,,public,192FDE9FC1D9F9D72EC67961B43D48AC,2BD4C7E42760AB9AE202DC5EC49444CE
SRR36427973,2026-01-12 03:35:48,2025-12-12 13:29:11,31597652,6382725704,31597652,202,1889,,https://sra-downloadb.be-md.ncbi.nlm.nih.gov/sos11/sra-pub-zq-1140/SRR036/36427/SRR36427973/SRR36427973.lite.1,SRX31454209,coi1INF2,RNA-Seq,cDNA,TRANSCRIPTOMIC,PAIRED,0,0,ILLUMINA,Illumina NovaSeq 6000,SRP520815,PRJNA1137360,,1137360,SRS27437403,SAMN52100074,simple,4113,Solanum tuberosum,coi1INF2,,,,,,,no,,,,,RUDER BOSKOVIC INSTITUTE,SRA2241335,,public,162B88FE029D090CE718F43F2DCDE7E9,28B55106955C1AF1D6712A2D824100A7
SRR36427972,2026-01-12 03:35:48,2025-12-19 11:36:47,39556576,5209414360,12021784,131,1566,,https://sra-downloadb.be-md.ncbi.nlm.nih.gov/sos11/sra-pub-zq-1140/SRR036/36427/SRR36427972/SRR36427972.lite.1,SRX31454210,coi1INF3,RNA-Seq,cDNA,TRANSCRIPTOMIC,PAIRED,0,0,ILLUMINA,Illumina NovaSeq 6000,SRP520815,PRJNA1137360,,1137360,SRS27437404,SAMN52100075,simple,4113,Solanum tuberosum,coi1INF3,,,,,,,no,,,,,RUDER BOSKOVIC INSTITUTE,SRA2241335,,public,B4FB3C8D1652C4D74640578A48262A07,258081FF2E78C93A6C6DB2CB6674A36C
SRR36427971,2026-01-12 03:35:48,2025-12-12 13:29:07,33629986,6793257172,33629986,202,2021,,https://sra-downloadb.be-md.ncbi.nlm.nih.gov/sos11/sra-pub-zq-1140/SRR036/36427/SRR36427971/SRR36427971.lite.1,SRX31454211,opr3MOCK3,RNA-Seq,cDNA,TRANSCRIPTOMIC,PAIRED,0,0,ILLUMINA,Illumina NovaSeq 6000,SRP520815,PRJNA1137360,,1137360,SRS27437405,SAMN52100066,simple,4113,Solanum tuberosum,opr3MOCK3,,,,,,,no,,,,,RUDER BOSKOVIC INSTITUTE,SRA2241335,,public,1CDE0A009F95C513CC35F493BB392C4D,CEBC4FBDD021F87F684FED93283A8BA3
SRR36427970,2026-01-12 03:35:48,2025-12-12 13:29:37,35927634,7257382068,35927634,202,2147,,https://sra-downloadb.be-md.ncbi.nlm.nih.gov/sos11/sra-pub-zq-1140/SRR036/36427/SRR36427970/SRR36427970.lite.1,SRX31454212,opr3INF1,RNA-Seq,cDNA,TRANSCRIPTOMIC,PAIRED,0,0,ILLUMINA,Illumina NovaSeq 6000,SRP520815,PRJNA1137360,,1137360,SRS27437406,SAMN52100067,simple,4113,Solanum tuberosum,opr3INF1,,,,,,,no,,,,,RUDER BOSKOVIC INSTITUTE,SRA2241335,,public,10D5CE3600C4775CD4531D84795D7BB8,A061453E337CB80936CD0FC489A0454A
SRR36427969,2026-01-12 03:35:48,2025-12-12 13:29:50,35704870,7212383740,35704870,202,2124,,https://sra-downloadb.be-md.ncbi.nlm.nih.gov/sos11/sra-pub-zq-1140/SRR036/36427/SRR36427969/SRR36427969.lite.1,SRX31454213,opr3INF2,RNA-Seq,cDNA,TRANSCRIPTOMIC,PAIRED,0,0,ILLUMINA,Illumina NovaSeq 6000,SRP520815,PRJNA1137360,,1137360,SRS27437407,SAMN52100068,simple,4113,Solanum tuberosum,opr3INF2,,,,,,,no,,,,,RUDER BOSKOVIC INSTITUTE,SRA2241335,,public,EAD082DA1413C39065D005EEEEB42A37,627D9BD9AA76238E44DAD694026983E3
SRR36427975,2026-01-12 03:35:48,2025-12-12 13:30:13,37814277,7638483954,37814277,202,2256,,https://sra-downloadb.be-md.ncbi.nlm.nih.gov/sos11/sra-pub-zq-1140/SRR036/36427/SRR36427975/SRR36427975.lite.1,SRX31454207,opr3MOCK1,RNA-Seq,cDNA,TRANSCRIPTOMIC,PAIRED,0,0,ILLUMINA,Illumina NovaSeq 6000,SRP520815,PRJNA1137360,,1137360,SRS27437401,SAMN52100064,simple,4113,Solanum tuberosum,opr3MOCK1,,,,,,,no,,,,,RUDER BOSKOVIC INSTITUTE,SRA2241335,,public,43DF303D3B25AAA838791712D884630E,F547D59156C0CDDD718664BA554906F4
SRR36427974,2026-01-12 03:35:48,2025-12-12 13:29:23,34550138,6979127876,34550138,202,2049,,https://sra-downloadb.be-md.ncbi.nlm.nih.gov/sos11/sra-pub-zq-1140/SRR036/36427/SRR36427974/SRR36427974.lite.1,SRX31454208,opr3MOCK2,RNA-Seq,cDNA,TRANSCRIPTOMIC,PAIRED,0,0,ILLUMINA,Illumina NovaSeq 6000,SRP520815,PRJNA1137360,,1137360,SRS27437402,SAMN52100065,simple,4113,Solanum tuberosum,opr3MOCK2,,,,,,,no,,,,,RUDER BOSKOVIC INSTITUTE,SRA2241335,,public,9D99612723C6752A2DBD59AEB4C8BEEE,025F4B9AFEEC4076436228A2D08E7C8D
SRR29881156,2026-01-12 03:35:48,2024-07-18 14:40:10,34342510,6937187020,34342510,202,2040,,https://sra-downloadb.be-md.ncbi.nlm.nih.gov/sos11/sra-pub-zq-1140/SRR029/29881/SRR29881156/SRR29881156.lite.1,SRX25377516,wtMOCK1,RNA-Seq,cDNA,TRANSCRIPTOMIC,PAIRED,0,0,ILLUMINA,Illumina NovaSeq 6000,SRP520815,PRJNA1137360,,1137360,SRS22042901,SAMN42585725,simple,4113,Solanum tuberosum,wtMOCK1,,,,,,,no,,,,,RUDER BOSKOVIC INSTITUTE,SRA1927155,,public,F443E8F65BEF10BC43DE23B217984008,648ACC96F476E8D3546CD7D07436DB2D
SRR29881155,2026-01-12 03:35:48,2024-07-18 14:39:26,39198340,7918064680,39198340,202,2350,,https://sra-downloadb.be-md.ncbi.nlm.nih.gov/sos11/sra-pub-zq-1140/SRR029/29881/SRR29881155/SRR29881155.lite.1,SRX25377517,wtMOCK2,RNA-Seq,cDNA,TRANSCRIPTOMIC,PAIRED,0,0,ILLUMINA,Illumina NovaSeq 6000,SRP520815,PRJNA1137360,,1137360,SRS22042900,SAMN42585726,simple,4113,Solanum tuberosum,wtMOCK2,,,,,,,no,,,,,RUDER BOSKOVIC INSTITUTE,SRA1927155,,public,50A2EDCA701CBC0C9A56660EA8A197F2,1E1A2D61F54D83BAECBC8834AD7F2800
SRR29881154,2026-01-12 03:35:48,2024-07-18 14:40:55,34775454,7024641708,34775454,202,2090,,https://sra-downloadb.be-md.ncbi.nlm.nih.gov/sos11/sra-pub-zq-1140/SRR029/29881/SRR29881154/SRR29881154.lite.1,SRX25377518,wtMOCK3,RNA-Seq,cDNA,TRANSCRIPTOMIC,PAIRED,0,0,ILLUMINA,Illumina NovaSeq 6000,SRP520815,PRJNA1137360,,1137360,SRS22042904,SAMN42585727,simple,4113,Solanum tuberosum,wtMOCK3,,,,,,,no,,,,,RUDER BOSKOVIC INSTITUTE,SRA1927155,,public,23F9B8E31C430BA08264449513711A88,AD1753502820A427B3A3C6DF9972E592
SRR19668073,2022-09-01 00:08:56,2022-06-16 07:41:46,51535266,5153526600,0,100,3018,,https://sra-downloadb.be-md.ncbi.nlm.nih.gov/sos1/sra-pub-zq-38/SRR019/19668/SRR19668073/SRR19668073.lite.1,SRX15717487,AC-HS-8,RNA-Seq,cDNA,TRANSCRIPTOMIC,PAIRED,0,0,DNBSEQ,DNBSEQ-G400,SRP381994,PRJNA849770,,849770,SRS13410988,SAMN29133067,simple,4081,Solanum lycopersicum,35S:amiR-PSTVd-16,,,,,,,no,,,,,INSTITUTO DE BIOLOGIA MOLECULAR Y CELULAR DE PLANTAS,SRA1438294,,public,3D6939D26DDCDE8117F6553827B5E1C3,953B15838EB9118ED00001E8430140A5
SRR29881161,2026-01-12 03:35:48,2024-07-18 14:41:07,33272474,6721039748,33272474,202,1989,,https://sra-downloadb.be-md.ncbi.nlm.nih.gov/sos11/sra-pub-zq-1140/SRR029/29881/SRR29881161/SRR29881161.lite.1,SRX25377511,wtINF1,RNA-Seq,cDNA,TRANSCRIPTOMIC,PAIRED,0,0,ILLUMINA,Illumina NovaSeq 6000,SRP520815,PRJNA1137360,,1137360,SRS22042898,SAMN42585722,simple,4113,Solanum tuberosum,wtINF1,,,,,,,no,,,,,RUDER BOSKOVIC INSTITUTE,SRA1927155,,public,E8189573C5E5F4A27CA1123D7C42CE29,31C29299A1E45B5A49C23373588C4C97
SRR29881160,2026-01-12 03:35:48,2024-07-18 14:41:42,40209167,8122251734,40209167,202,2382,,https://sra-downloadb.be-md.ncbi.nlm.nih.gov/sos11/sra-pub-zq-1140/SRR029/29881/SRR29881160/SRR29881160.lite.1,SRX25377512,wtINF2,RNA-Seq,cDNA,TRANSCRIPTOMIC,PAIRED,0,0,ILLUMINA,Illumina NovaSeq 6000,SRP520815,PRJNA1137360,,1137360,SRS22042899,SAMN42585723,simple,4113,Solanum tuberosum,wtINF2,,,,,,,no,,,,,RUDER BOSKOVIC INSTITUTE,SRA1927155,,public,65B982DEF1F863EB786B961994546F2B,CF0DFABE64F238F14A7E26D3D3DD8768
SRR29881157,2026-01-12 03:35:48,2024-07-18 14:43:50,37537564,7582587928,37537564,202,2208,,https://sra-downloadb.be-md.ncbi.nlm.nih.gov/sos11/sra-pub-zq-1140/SRR029/29881/SRR29881157/SRR29881157.lite.1,SRX25377515,wtINF3,RNA-Seq,cDNA,TRANSCRIPTOMIC,PAIRED,0,0,ILLUMINA,Illumina NovaSeq 6000,SRP520815,PRJNA1137360,,1137360,SRS22042902,SAMN42585724,simple,4113,Solanum tuberosum,wtINF3,,,,,,,no,,,,,RUDER BOSKOVIC INSTITUTE,SRA1927155,,public,CC9FDE1AE4ACC5ECF4E774CCAA6D2E32,1D53CCD90AD58BBC0D8543C567B1804C
SRR19668078,2022-09-01 00:08:56,2022-06-16 07:35:29,51562706,5156270600,0,100,3030,,https://sra-downloadb.be-md.ncbi.nlm.nih.gov/sos1/sra-pub-zq-38/SRR019/19668/SRR19668078/SRR19668078.lite.1,SRX15717482,AC-HS-3,RNA-Seq,cDNA,TRANSCRIPTOMIC,PAIRED,0,0,DNBSEQ,DNBSEQ-G400,SRP381994,PRJNA849770,,849770,SRS13410983,SAMN29133062,simple,4081,Solanum lycopersicum,WT 3,,,,,,,no,,,,,INSTITUTO DE BIOLOGIA MOLECULAR Y CELULAR DE PLANTAS,SRA1438294,,public,F71D17DD18281E4A4735DDACEA77561A,8626B143E7980DF36D9AAF434B69D614
SRR19668077,2022-09-01 00:08:56,2022-06-16 07:45:29,51770984,5177098400,0,100,3031,,https://sra-downloadb.be-md.ncbi.nlm.nih.gov/sos8/sra-pub-zq-820/SRR019/19668/SRR19668077/SRR19668077.lite.1,SRX15717483,AC-HS-4,RNA-Seq,cDNA,TRANSCRIPTOMIC,PAIRED,0,0,DNBSEQ,DNBSEQ-G400,SRP381994,PRJNA849770,,849770,SRS13410984,SAMN29133063,simple,4081,Solanum lycopersicum,WT 4,,,,,,,no,,,,,INSTITUTO DE BIOLOGIA MOLECULAR Y CELULAR DE PLANTAS,SRA1438294,,public,539D8D8ECC91E94487843E66BFCCB2CC,68C0AFA8478F88A7D0588D86F4296D9A
SRR19668076,2022-09-01 00:08:56,2022-06-16 07:38:10,51646252,5164625200,0,100,3027,,https://sra-downloadb.be-md.ncbi.nlm.nih.gov/sos9/sra-pub-zq-922/SRR019/19668/SRR19668076/SRR19668076.lite.1,SRX15717484,AC-HS-5,RNA-Seq,cDNA,TRANSCRIPTOMIC,PAIRED,0,0,DNBSEQ,DNBSEQ-G400,SRP381994,PRJNA849770,,849770,SRS13410985,SAMN29133064,simple,4081,Solanum lycopersicum,35S:amiR-PSTVd-1,,,,,,,no,,,,,INSTITUTO DE BIOLOGIA MOLECULAR Y CELULAR DE PLANTAS,SRA1438294,,public,ECCBFFE1660A7387012D2477FBB2E958,F353961D42E2AFABF76610669BAF16EB
SRR19668075,2022-09-01 00:08:56,2022-06-16 07:37:50,51264098,5126409800,0,100,3004,,https://sra-downloadb.be-md.ncbi.nlm.nih.gov/sos1/sra-pub-zq-38/SRR019/19668/SRR19668075/SRR19668075.lite.1,SRX15717485,AC-HS-6,RNA-Seq,cDNA,TRANSCRIPTOMIC,PAIRED,0,0,DNBSEQ,DNBSEQ-G400,SRP381994,PRJNA849770,,849770,SRS13410986,SAMN29133065,simple,4081,Solanum lycopersicum,35S:amiR-PSTVd-2,,,,,,,no,,,,,INSTITUTO DE BIOLOGIA MOLECULAR Y CELULAR DE PLANTAS,SRA1438294,,public,FD223A1F6576B35BDAF20DA50C3ED62E,B84C6911348DC65796697F70C6D8BA33
SRR19668074,2022-09-01 00:08:56,2022-06-16 07:39:23,51989556,5198955600,0,100,3012,,https://sra-downloadb.be-md.ncbi.nlm.nih.gov/sos9/sra-pub-zq-924/SRR019/19668/SRR19668074/SRR19668074.lite.1,SRX15717486,AC-HS-7,RNA-Seq,cDNA,TRANSCRIPTOMIC,PAIRED,0,0,DNBSEQ,DNBSEQ-G400,SRP381994,PRJNA849770,,849770,SRS13410987,SAMN29133066,simple,4081,Solanum lycopersicum,35S:amiR-PSTVd-5,,,,,,,no,,,,,INSTITUTO DE BIOLOGIA MOLECULAR Y CELULAR DE PLANTAS,SRA1438294,,public,F40F50B04F46A95281008625D2819495,4C20514E846ECC2EC038802A61FF3FAB
SRR19668080,2022-09-01 00:08:56,2022-06-16 07:38:57,51836750,5183675000,0,100,3015,,https://sra-downloadb.be-md.ncbi.nlm.nih.gov/sos1/sra-pub-zq-38/SRR019/19668/SRR19668080/SRR19668080.lite.1,SRX15717480,AC-HS-1,RNA-Seq,cDNA,TRANSCRIPTOMIC,PAIRED,0,0,DNBSEQ,DNBSEQ-G400,SRP381994,PRJNA849770,,849770,SRS13410981,SAMN29133060,simple,4081,Solanum lycopersicum,WT 1,,,,,,,no,,,,,INSTITUTO DE BIOLOGIA MOLECULAR Y CELULAR DE PLANTAS,SRA1438294,,public,15907044CB1BAB94F1B87C3757E10251,5C5F476BF585108D37FB48774D1A022A
SRR19668079,2022-09-01 00:08:56,2022-06-16 07:39:25,51639886,5163988600,0,100,3010,,https://sra-downloadb.be-md.ncbi.nlm.nih.gov/sos8/sra-pub-zq-820/SRR019/19668/SRR19668079/SRR19668079.lite.1,SRX15717481,AC-HS-2,RNA-Seq,cDNA,TRANSCRIPTOMIC,PAIRED,0,0,DNBSEQ,DNBSEQ-G400,SRP381994,PRJNA849770,,849770,SRS13410982,SAMN29133061,simple,4081,Solanum lycopersicum,WT 2,,,,,,,no,,,,,INSTITUTO DE BIOLOGIA MOLECULAR Y CELULAR DE PLANTAS,SRA1438294,,public,751700DA79F4F200C9137B4BCFE58D45,9B062704D5ECBE9AEE5A49FDB47EADC2
SRR22860235,2022-12-22 04:55:03,2022-12-22 04:51:32,33859655,5111866173,33859655,150,1871,,https://sra-downloadb.be-md.ncbi.nlm.nih.gov/sos9/sra-pub-zq-922/SRR022/22860/SRR22860235/SRR22860235.lite.1,SRX18819003,2-kl-kon_S5,RNA-Seq,PolyA,TRANSCRIPTOMIC,PAIRED,0,0,ILLUMINA,NextSeq 550,SRP414414,PRJNA914898,,914898,SRS16252068,SAMN32361450,simple,4113,Solanum tuberosum,kl-kon,,,,,,,no,,,,,FRC INSTITUTE OF CYTOLOGY AND GENETICS,SRA1564309,,public,F6A9B404A927E28914F8D949743D8C37,40B9652702CE9BF4D04A2EF9C5DED831
SRR22860239,2022-12-22 05:08:38,2022-12-22 04:55:43,30967432,4659551836,0,150,1709,,https://sra-downloadb.be-md.ncbi.nlm.nih.gov/sos9/sra-pub-zq-922/SRR022/22860/SRR22860239/SRR22860239.lite.1,SRX18818999,22-v-14d_S14,RNA-Seq,PolyA,TRANSCRIPTOMIC,PAIRED,0,0,ILLUMINA,NextSeq 550,SRP414414,PRJNA914898,,914898,SRS16252075,SAMN32361448,simple,4113,Solanum tuberosum,v-14d,,,,,,,no,,,,,FRC INSTITUTE OF CYTOLOGY AND GENETICS,SRA1564309,,public,CBDFA62DB6301F973B30FD743321443D,F20693F0D74D603AB5AC26B34D87493E
SRR22860236,2022-12-22 04:51:15,2022-12-22 04:48:57,31651345,4766368119,31651345,150,1735,,https://sra-downloadb.be-md.ncbi.nlm.nih.gov/sos9/sra-pub-zq-922/SRR022/22860/SRR22860236/SRR22860236.lite.1,SRX18819002,19-v-30d_S10,RNA-Seq,PolyA,TRANSCRIPTOMIC,PAIRED,0,0,ILLUMINA,NextSeq 550,SRP414414,PRJNA914898,,914898,SRS16252076,SAMN32361449,simple,4113,Solanum tuberosum,v-30d,,,,,,,no,,,,,FRC INSTITUTE OF CYTOLOGY AND GENETICS,SRA1564309,,public,0C942969FB84910961D0C4F3C21A502C,DD26450B496CC030E6C1ED3E51915F7E
SRR22860237,2022-12-22 04:55:03,2022-12-22 04:53:08,30226812,4553682884,30226812,150,1670,,https://sra-downloadb.be-md.ncbi.nlm.nih.gov/sos9/sra-pub-zq-922/SRR022/22860/SRR22860237/SRR22860237.lite.1,SRX18819001,15-v-30d_S4,RNA-Seq,PolyA,TRANSCRIPTOMIC,PAIRED,0,0,ILLUMINA,NextSeq 550,SRP414414,PRJNA914898,,914898,SRS16252076,SAMN32361449,simple,4113,Solanum tuberosum,v-30d,,,,,,,no,,,,,FRC INSTITUTE OF CYTOLOGY AND GENETICS,SRA1564309,,public,147962725CB183CB0AF872BD47CB0756,074F8EDA988381E962E86DE018F89A69
SRR22860238,2022-12-22 05:23:44,2022-12-22 04:58:52,35109688,5301716888,35109688,151,1967,,https://sra-downloadb.be-md.ncbi.nlm.nih.gov/sos9/sra-pub-zq-922/SRR022/22860/SRR22860238/SRR22860238.lite.1,SRX18819000,23-v-30d_S3,RNA-Seq,PolyA,TRANSCRIPTOMIC,PAIRED,0,0,ILLUMINA,NextSeq 550,SRP414414,PRJNA914898,,914898,SRS16252076,SAMN32361449,simple,4113,Solanum tuberosum,v-30d,,,,,,,no,,,,,FRC INSTITUTE OF CYTOLOGY AND GENETICS,SRA1564309,,public,31D153E485914BB8384C60052F2649AF,CFBB332B4EA011F1581FCE1E6364E783
SRR22860240,2022-12-22 04:56:49,2022-12-22 04:54:34,28811248,4347421357,28811248,150,1594,,https://sra-downloadb.be-md.ncbi.nlm.nih.gov/sos9/sra-pub-zq-922/SRR022/22860/SRR22860240/SRR22860240.lite.1,SRX18818998,18-v-14d_S8,RNA-Seq,PolyA,TRANSCRIPTOMIC,PAIRED,0,0,ILLUMINA,NextSeq 550,SRP414414,PRJNA914898,,914898,SRS16252075,SAMN32361448,simple,4113,Solanum tuberosum,v-14d,,,,,,,no,,,,,FRC INSTITUTE OF CYTOLOGY AND GENETICS,SRA1564309,,public,B244F20E59E95571A5EE33C0BE8A0475,DFD72411FBAC9EABC299080AAEF17DCD
SRR22860241,2022-12-22 04:55:03,2022-12-22 04:51:18,28986778,4370537707,28986778,150,1624,,https://sra-downloadb.be-md.ncbi.nlm.nih.gov/sos9/sra-pub-zq-922/SRR022/22860/SRR22860241/SRR22860241.lite.1,SRX18818997,14-v-14d_S2,RNA-Seq,PolyA,TRANSCRIPTOMIC,PAIRED,0,0,ILLUMINA,NextSeq 550,SRP414414,PRJNA914898,,914898,SRS16252075,SAMN32361448,simple,4113,Solanum tuberosum,v-14d,,,,,,,no,,,,,FRC INSTITUTE OF CYTOLOGY AND GENETICS,SRA1564309,,public,94A6E577AE88D2FA4B4CEB2931AAC8ED,F7F607F6070BD48FB1B44ADA911F0A4E
SRR22860251,2022-12-22 04:55:03,2022-12-22 04:51:39,29810327,4489206975,29810327,150,1647,,https://sra-downloadb.be-md.ncbi.nlm.nih.gov/sos9/sra-pub-zq-922/SRR022/22860/SRR22860251/SRR22860251.lite.1,SRX18818987,21-0d_S12,RNA-Seq,PolyA,TRANSCRIPTOMIC,PAIRED,0,0,ILLUMINA,NextSeq 550,SRP414414,PRJNA914898,,914898,SRS16252067,SAMN32361447,simple,4113,Solanum tuberosum,0d,,,,,,,no,,,,,FRC INSTITUTE OF CYTOLOGY AND GENETICS,SRA1564309,,public,7C7E997E2F3607445EC7EDAAD6222BFB,48FC8DCF728A0D312678EF974518191E
SRR22860257,2022-12-22 05:08:38,2022-12-22 04:52:21,36859523,5564329640,36859523,150,2044,,https://sra-downloadb.be-md.ncbi.nlm.nih.gov/sos9/sra-pub-zq-922/SRR022/22860/SRR22860257/SRR22860257.lite.1,SRX18818981,18-kl-vir_S15,RNA-Seq,PolyA,TRANSCRIPTOMIC,PAIRED,0,0,ILLUMINA,NextSeq 550,SRP414414,PRJNA914898,,914898,SRS16252069,SAMN32361451,simple,4113,Solanum tuberosum,kl-vir,,,,,,,no,,,,,FRC INSTITUTE OF CYTOLOGY AND GENETICS,SRA1564309,,public,DB83D2238DB68B908C4A40F35B8FDD0E,5EFB5C70CF9968E15A3B4D292471AE11
SRR22860258,2022-12-22 04:55:03,2022-12-22 04:52:52,34557292,5216451797,34557292,150,1911,,https://sra-downloadb.be-md.ncbi.nlm.nih.gov/sos9/sra-pub-zq-922/SRR022/22860/SRR22860258/SRR22860258.lite.1,SRX18818980,16-kl-vir_S13,RNA-Seq,PolyA,TRANSCRIPTOMIC,PAIRED,0,0,ILLUMINA,NextSeq 550,SRP414414,PRJNA914898,,914898,SRS16252069,SAMN32361451,simple,4113,Solanum tuberosum,kl-vir,,,,,,,no,,,,,FRC INSTITUTE OF CYTOLOGY AND GENETICS,SRA1564309,,public,D665F7B1E2B2B7B226FAB07F08AEC7D2,F7CB5AA4D4B0A543266633A6FE6CE367
SRR22860259,2022-12-22 04:56:49,2022-12-22 04:53:31,39407635,5947095526,39407635,150,2165,,https://sra-downloadb.be-md.ncbi.nlm.nih.gov/sos9/sra-pub-zq-922/SRR022/22860/SRR22860259/SRR22860259.lite.1,SRX18818979,10-kl-vir_S11,RNA-Seq,PolyA,TRANSCRIPTOMIC,PAIRED,0,0,ILLUMINA,NextSeq 550,SRP414414,PRJNA914898,,914898,SRS16252069,SAMN32361451,simple,4113,Solanum tuberosum,kl-vir,,,,,,,no,,,,,FRC INSTITUTE OF CYTOLOGY AND GENETICS,SRA1564309,,public,D70F3DF290101075617EE288B34D1E6D,B51E661DE0C4EB6EA6EF92ECC62B305D
SRR22860260,2022-12-22 06:24:05,2022-12-22 05:34:11,33445513,5050599882,33445513,151,1857,,https://sra-downloadb.be-md.ncbi.nlm.nih.gov/sos9/sra-pub-zq-922/SRR022/22860/SRR22860260/SRR22860260.lite.1,SRX18818978,5-kl-kon_S9,RNA-Seq,PolyA,TRANSCRIPTOMIC,PAIRED,0,0,ILLUMINA,NextSeq 550,SRP414414,PRJNA914898,,914898,SRS16252068,SAMN32361450,simple,4113,Solanum tuberosum,kl-kon,,,,,,,no,,,,,FRC INSTITUTE OF CYTOLOGY AND GENETICS,SRA1564309,,public,34C7610396C4781651CD103E9BC52E58,58F3AB2B6E181BA42C60BD3120DF0DBC
SRR22860261,2022-12-22 05:08:38,2022-12-22 04:55:46,32617187,4924926215,0,150,1819,,https://sra-downloadb.be-md.ncbi.nlm.nih.gov/sos9/sra-pub-zq-922/SRR022/22860/SRR22860261/SRR22860261.lite.1,SRX18818977,4-kl-kon_S7,RNA-Seq,PolyA,TRANSCRIPTOMIC,PAIRED,0,0,ILLUMINA,NextSeq 550,SRP414414,PRJNA914898,,914898,SRS16252068,SAMN32361450,simple,4113,Solanum tuberosum,kl-kon,,,,,,,no,,,,,FRC INSTITUTE OF CYTOLOGY AND GENETICS,SRA1564309,,public,8DFE3EA312EFC7A57516539E26E4C113,485DB4028912E26F7AB71768DA9B195E
SRR22860262,2022-12-22 04:55:03,2022-12-22 04:53:23,27818126,4197271910,27818126,150,1552,,https://sra-downloadb.be-md.ncbi.nlm.nih.gov/sos9/sra-pub-zq-922/SRR022/22860/SRR22860262/SRR22860262.lite.1,SRX18818976,17-0d_S6,RNA-Seq,PolyA,TRANSCRIPTOMIC,PAIRED,0,0,ILLUMINA,NextSeq 550,SRP414414,PRJNA914898,,914898,SRS16252067,SAMN32361447,simple,4113,Solanum tuberosum,0d,,,,,,,no,,,,,FRC INSTITUTE OF CYTOLOGY AND GENETICS,SRA1564309,,public,71F11C8072E65FB05CEED519EAC36DE4,852158374CE30456BCDDC933E7F3A5CD
SRR22860263,2022-12-22 05:08:38,2022-12-22 04:55:42,31470279,4617142517,31470279,146,1712,,https://sra-downloadb.be-md.ncbi.nlm.nih.gov/sos9/sra-pub-zq-922/SRR022/22860/SRR22860263/SRR22860263.lite.1,SRX18818975,13-0d_S1,RNA-Seq,PolyA,TRANSCRIPTOMIC,PAIRED,0,0,ILLUMINA,NextSeq 550,SRP414414,PRJNA914898,,914898,SRS16252067,SAMN32361447,simple,4113,Solanum tuberosum,0d,,,,,,,no,,,,,FRC INSTITUTE OF CYTOLOGY AND GENETICS,SRA1564309,,public,2909D600936B198887B6ADA51192996F,CDADE198D24DDF46363134D81E289A76
SRR17520221,2023-12-29 00:14:27,2022-01-10 06:15:34,60848969,18218527877,60848969,299,5449,,https://sra-downloadb.be-md.ncbi.nlm.nih.gov/sos12/sra-pub-zq-1214/SRR017/17520/SRR17520221/SRR17520221.lite.1,SRX13690268,34-mRNA-T3-MOCK-R1,RNA-Seq,PCR,TRANSCRIPTOMIC,PAIRED,0,0,ILLUMINA,Illumina NovaSeq 6000,SRP354199,PRJNA795883,,795883,SRS11569290,SAMN24790340,simple,3659,Cucumis sativus,34-mRNA-T3-MOCK-R1,,,,,,,no,,,,,INSTITUTE FOR INTEGRATIVE SYSTEMS BIOLOGY - CSIC,SRA1354115,,public,16FA38CDB928EDBD85D5237663D67BE8,7254FBBAF8BCED79DB1F1BC9FAA9A2B8
SRR17520220,2023-12-29 00:14:27,2022-01-10 06:16:07,75870909,22711073883,75870909,299,6784,,https://sra-downloadb.be-md.ncbi.nlm.nih.gov/sos1/sra-pub-zq-38/SRR017/17520/SRR17520220/SRR17520220.lite.1,SRX13690269,35-mRNA-T3-MOCK-R2,RNA-Seq,PCR,TRANSCRIPTOMIC,PAIRED,0,0,ILLUMINA,Illumina NovaSeq 6000,SRP354199,PRJNA795883,,795883,SRS11569291,SAMN24790341,simple,3659,Cucumis sativus,35-mRNA-T3-MOCK-R2,,,,,,,no,,,,,INSTITUTE FOR INTEGRATIVE SYSTEMS BIOLOGY - CSIC,SRA1354115,,public,9A991ED75BD641F419902F730A2CE37E,50BED38A9D180A4055A5C38ACEFB0716
SRR17520219,2023-12-29 00:14:27,2022-01-10 06:09:00,64575975,19339250357,64575975,299,5780,,https://sra-downloadb.be-md.ncbi.nlm.nih.gov/sos8/sra-pub-zq-818/SRR017/17520/SRR17520219/SRR17520219.lite.1,SRX13690270,36-mRNA-T3-MOCK-R3,RNA-Seq,PCR,TRANSCRIPTOMIC,PAIRED,0,0,ILLUMINA,Illumina NovaSeq 6000,SRP354199,PRJNA795883,,795883,SRS11569292,SAMN24790342,simple,3659,Cucumis sativus,36-mRNA-T3-MOCK-R3,,,,,,,no,,,,,INSTITUTE FOR INTEGRATIVE SYSTEMS BIOLOGY - CSIC,SRA1354115,,public,589C21C282032352097F72A20CAD8F5C,E7AC896598A0F4DA9E4615D9EAC6F5BC
SRR17520226,2023-12-29 00:14:27,2022-01-10 06:03:11,71001934,21261598496,71001934,299,6325,,https://sra-downloadb.be-md.ncbi.nlm.nih.gov/sos1/sra-pub-zq-38/SRR017/17520/SRR17520226/SRR17520226.lite.1,SRX13690262,29-mRNA-T2-MOCK-R2,RNA-Seq,PCR,TRANSCRIPTOMIC,PAIRED,0,0,ILLUMINA,Illumina NovaSeq 6000,SRP354199,PRJNA795883,,795883,SRS11569283,SAMN24790335,simple,3659,Cucumis sativus,29-mRNA-T2-MOCK-R2,,,,,,,no,,,,,INSTITUTE FOR INTEGRATIVE SYSTEMS BIOLOGY - CSIC,SRA1354115,,public,9A511F98AC5B7BBAFF9B0F737E402511,4887D06D85555668B855F608A0B95DB6
SRR17520225,2023-12-29 00:14:27,2022-01-10 06:11:54,74156028,22203834704,74156028,299,6643,,https://sra-downloadb.be-md.ncbi.nlm.nih.gov/sos8/sra-pub-zq-818/SRR017/17520/SRR17520225/SRR17520225.lite.1,SRX13690263,30-mRNA-T2-MOCK-R3,RNA-Seq,PCR,TRANSCRIPTOMIC,PAIRED,0,0,ILLUMINA,Illumina NovaSeq 6000,SRP354199,PRJNA795883,,795883,SRS11569285,SAMN24790336,simple,3659,Cucumis sativus,30-mRNA-T2-MOCK-R3,,,,,,,no,,,,,INSTITUTE FOR INTEGRATIVE SYSTEMS BIOLOGY - CSIC,SRA1354115,,public,3186D80BE79C631FA6DDC87C51DBFC6E,24398D677DA09139873BA29D8026325F
SRR17520237,2023-12-29 00:14:27,2022-01-10 06:02:47,59480722,17813771172,59480722,299,5334,,https://sra-downloadb.be-md.ncbi.nlm.nih.gov/sos8/sra-pub-zq-818/SRR017/17520/SRR17520237/SRR17520237.lite.1,SRX13690265,31-mRNA-T3-HSVd-R1,RNA-Seq,PCR,TRANSCRIPTOMIC,PAIRED,0,0,ILLUMINA,Illumina NovaSeq 6000,SRP354199,PRJNA795883,,795883,SRS11569286,SAMN24790337,simple,3659,Cucumis sativus,31-mRNA-T3-HSVd-R1,,,,,,,no,,,,,INSTITUTE FOR INTEGRATIVE SYSTEMS BIOLOGY - CSIC,SRA1354115,,public,0E37B8486CB4011852BE4BA7908E7D1E,37D5BF94618AC64F336EE34E63A5A4A6
SRR17520223,2023-12-29 00:14:27,2022-01-10 06:15:53,68798254,20601123352,68798254,299,6110,,https://sra-downloadb.be-md.ncbi.nlm.nih.gov/sos12/sra-pub-zq-1214/SRR017/17520/SRR17520223/SRR17520223.lite.1,SRX13690266,32-mRNA-T3-HSVd-R2,RNA-Seq,PCR,TRANSCRIPTOMIC,PAIRED,0,0,ILLUMINA,Illumina NovaSeq 6000,SRP354199,PRJNA795883,,795883,SRS11569288,SAMN24790338,simple,3659,Cucumis sativus,32-mRNA-T3-HSVd-R2,,,,,,,no,,,,,INSTITUTE FOR INTEGRATIVE SYSTEMS BIOLOGY - CSIC,SRA1354115,,public,49D39583989CC8D2D45E79D0FCF65314,0B18AA4E1274B2AEC7C364526EA412F8
SRR17520222,2023-12-29 00:14:27,2022-01-10 06:18:29,65381464,19583891293,65381464,299,5959,,https://sra-downloadb.be-md.ncbi.nlm.nih.gov/sos1/sra-pub-zq-38/SRR017/17520/SRR17520222/SRR17520222.lite.1,SRX13690267,33-mRNA-T3-HSVd-R3,RNA-Seq,PCR,TRANSCRIPTOMIC,PAIRED,0,0,ILLUMINA,Illumina NovaSeq 6000,SRP354199,PRJNA795883,,795883,SRS11569289,SAMN24790339,simple,3659,Cucumis sativus,33-mRNA-T3-HSVd-R3,,,,,,,no,,,,,INSTITUTE FOR INTEGRATIVE SYSTEMS BIOLOGY - CSIC,SRA1354115,,public,1347F06C21F21A9A3DC5D0F73EF74B28,97B77F8C357B02F74E30646D85C1EBC3
SRR17520233,2023-12-29 00:14:27,2022-01-10 05:53:54,55107155,16496828378,55107155,299,4874,,https://sra-downloadb.be-md.ncbi.nlm.nih.gov/sos12/sra-pub-zq-1214/SRR017/17520/SRR17520233/SRR17520233.lite.1,SRX13690256,24-mRNA-T1-MOCK-R3,RNA-Seq,PCR,TRANSCRIPTOMIC,PAIRED,0,0,ILLUMINA,Illumina NovaSeq 6000,SRP354199,PRJNA795883,,795883,SRS11569278,SAMN24790330,simple,3659,Cucumis sativus,24-mRNA-T1-MOCK-R3,,,,,,,no,,,,,INSTITUTE FOR INTEGRATIVE SYSTEMS BIOLOGY - CSIC,SRA1354115,,public,6892B0AAE33B4FBF67A5E76AC4E67F84,0D3F3BC448AB7525029BC6782372B8C6
SRR17520231,2023-12-29 00:14:27,2022-01-10 06:07:02,50371944,15084464631,50371944,299,4463,,https://sra-downloadb.be-md.ncbi.nlm.nih.gov/sos1/sra-pub-zq-38/SRR017/17520/SRR17520231/SRR17520231.lite.1,SRX13690257,25-mRNA-T2-HSVd-R1,RNA-Seq,PCR,TRANSCRIPTOMIC,PAIRED,0,0,ILLUMINA,Illumina NovaSeq 6000,SRP354199,PRJNA795883,,795883,SRS11569279,SAMN24790331,simple,3659,Cucumis sativus,25-mRNA-T2-HSVd-R1,,,,,,,no,,,,,INSTITUTE FOR INTEGRATIVE SYSTEMS BIOLOGY - CSIC,SRA1354115,,public,B0CB899502185D749BF2E8897346F9A6,651466FA8D354268938779A2279657C7
SRR17520230,2023-12-29 00:14:27,2022-01-10 06:09:49,71109806,21293755502,71109806,299,6346,,https://sra-downloadb.be-md.ncbi.nlm.nih.gov/sos12/sra-pub-zq-1214/SRR017/17520/SRR17520230/SRR17520230.lite.1,SRX13690258,26-mRNA-T2-HSVd-R2,RNA-Seq,PCR,TRANSCRIPTOMIC,PAIRED,0,0,ILLUMINA,Illumina NovaSeq 6000,SRP354199,PRJNA795883,,795883,SRS11569280,SAMN24790332,simple,3659,Cucumis sativus,26-mRNA-T2-HSVd-R2,,,,,,,no,,,,,INSTITUTE FOR INTEGRATIVE SYSTEMS BIOLOGY - CSIC,SRA1354115,,public,0ADD3139C955DAC6D6973FA7A92C9483,BB0EAC98AE7EA334420E9063608A9546
SRR17520229,2023-12-29 00:14:27,2022-01-10 06:20:50,83494856,24995159019,83494856,299,7478,,https://sra-downloadb.be-md.ncbi.nlm.nih.gov/sos12/sra-pub-zq-1214/SRR017/17520/SRR17520229/SRR17520229.lite.1,SRX13690259,27-mRNA-T2-HSVd-R3,RNA-Seq,PCR,TRANSCRIPTOMIC,PAIRED,0,0,ILLUMINA,Illumina NovaSeq 6000,SRP354199,PRJNA795883,,795883,SRS11569281,SAMN24790333,simple,3659,Cucumis sativus,27-mRNA-T2-HSVd-R3,,,,,,,no,,,,,INSTITUTE FOR INTEGRATIVE SYSTEMS BIOLOGY - CSIC,SRA1354115,,public,D39D94EBA844225AD50E3F80EC5E17A6,DF9EE0A1A6CEDEA68963CBB508AB48F0
SRR17520228,2023-12-29 00:14:27,2022-01-10 06:18:22,73049546,21868143580,73049546,299,6555,,https://sra-downloadb.be-md.ncbi.nlm.nih.gov/sos12/sra-pub-zq-1214/SRR017/17520/SRR17520228/SRR17520228.lite.1,SRX13690261,28-mRNA-T2-MOCK-R1,RNA-Seq,PCR,TRANSCRIPTOMIC,PAIRED,0,0,ILLUMINA,Illumina NovaSeq 6000,SRP354199,PRJNA795883,,795883,SRS11569284,SAMN24790334,simple,3659,Cucumis sativus,28-mRNA-T2-MOCK-R1,,,,,,,no,,,,,INSTITUTE FOR INTEGRATIVE SYSTEMS BIOLOGY - CSIC,SRA1354115,,public,90AA99C0667A54C62360D3DBD196B8C4,E1AFA9387C6F6777BC891A3F0C28E64C
SRR17520240,2023-12-29 00:14:27,2022-01-10 05:59:06,52203584,15610389273,52203584,299,4733,,https://sra-downloadb.be-md.ncbi.nlm.nih.gov/sos8/sra-pub-zq-818/SRR017/17520/SRR17520240/SRR17520240.lite.1,SRX13690249,19-mRNA-T1-HSVd-R1,RNA-Seq,PCR,TRANSCRIPTOMIC,PAIRED,0,0,ILLUMINA,Illumina NovaSeq 6000,SRP354199,PRJNA795883,,795883,SRS11569271,SAMN24790325,simple,3659,Cucumis sativus,19-mRNA-T1-HSVd-R1,,,,,,,no,,,,,INSTITUTE FOR INTEGRATIVE SYSTEMS BIOLOGY - CSIC,SRA1354115,,public,AFC1EE09A4F5848EF12C6943C3A81EB8,CF58DD95A592E8A7BFAB4225A336B1C1
SRR17520239,2023-12-29 00:14:27,2022-01-10 06:50:37,51646169,15448720555,51646169,299,4685,,https://sra-downloadb.be-md.ncbi.nlm.nih.gov/sos12/sra-pub-zq-1214/SRR017/17520/SRR17520239/SRR17520239.lite.1,SRX13690250,20-mRNA-T1-HSVd-R2,RNA-Seq,PCR,TRANSCRIPTOMIC,PAIRED,0,0,ILLUMINA,Illumina NovaSeq 6000,SRP354199,PRJNA795883,,795883,SRS11569272,SAMN24790326,simple,3659,Cucumis sativus,20-mRNA-T1-HSVd-R2,,,,,,,no,,,,,INSTITUTE FOR INTEGRATIVE SYSTEMS BIOLOGY - CSIC,SRA1354115,,public,1931EDF2FBF2EFA063FC6789933F64CA,BCC267BCCB523A54A6303BE062ACAD2F
SRR17520236,2023-12-29 00:14:27,2022-01-10 06:04:59,54256809,16251876789,54256809,299,4853,,https://sra-downloadb.be-md.ncbi.nlm.nih.gov/sos8/sra-pub-zq-818/SRR017/17520/SRR17520236/SRR17520236.lite.1,SRX13690252,21-mRNA-T1-HSVd-R3,RNA-Seq,PCR,TRANSCRIPTOMIC,PAIRED,0,0,ILLUMINA,Illumina NovaSeq 6000,SRP354199,PRJNA795883,,795883,SRS11569274,SAMN24790327,simple,3659,Cucumis sativus,21-mRNA-T1-HSVd-R3,,,,,,,no,,,,,INSTITUTE FOR INTEGRATIVE SYSTEMS BIOLOGY - CSIC,SRA1354115,,public,196B716A5863FCA39DE539064DF1B449,E985081C7F0BB75B520FBCFD3149DB10
SRR17520235,2023-12-29 00:14:27,2022-01-10 06:09:35,51242396,15338310136,51242396,299,4622,,https://sra-downloadb.be-md.ncbi.nlm.nih.gov/sos12/sra-pub-zq-1214/SRR017/17520/SRR17520235/SRR17520235.lite.1,SRX13690253,22-mRNA-T1-MOCK-R1,RNA-Seq,PCR,TRANSCRIPTOMIC,PAIRED,0,0,ILLUMINA,Illumina NovaSeq 6000,SRP354199,PRJNA795883,,795883,SRS11569275,SAMN24790328,simple,3659,Cucumis sativus,22-mRNA-T1-MOCK-R1,,,,,,,no,,,,,INSTITUTE FOR INTEGRATIVE SYSTEMS BIOLOGY - CSIC,SRA1354115,,public,A648E1E7DE65702172C4C4D16FA750C6,E00710A99B0373983035905FAC2C74AE
SRR17520234,2023-12-29 00:14:27,2022-01-10 06:11:18,61325926,18359416017,61325926,299,5463,,https://sra-downloadb.be-md.ncbi.nlm.nih.gov/sos9/sra-pub-zq-924/SRR017/17520/SRR17520234/SRR17520234.lite.1,SRX13690254,23-mRNA-T1-MOCK-R2,RNA-Seq,PCR,TRANSCRIPTOMIC,PAIRED,0,0,ILLUMINA,Illumina NovaSeq 6000,SRP354199,PRJNA795883,,795883,SRS11569276,SAMN24790329,simple,3659,Cucumis sativus,23-mRNA-T1-MOCK-R2,,,,,,,no,,,,,INSTITUTE FOR INTEGRATIVE SYSTEMS BIOLOGY - CSIC,SRA1354115,,public,8A80A4D797C5711681B19DEC9D4517B2,25E007A9D542E6246A996950BF6BDBBB
SRR8450371,2020-01-01 12:16:45,2019-01-17 08:01:20,7971642,1022953970,0,128,756,,https://sra-downloadb.be-md.ncbi.nlm.nih.gov/sos9/sra-pub-zq-924/SRR008/8450/SRR8450371/SRR8450371.lite.1,SRX5257298,,RNA-Seq,cDNA,TRANSCRIPTOMIC,SINGLE,0,0,ION_TORRENT,Ion Torrent Proton,SRP179922,PRJNA515609,3,515609,SRS4258491,SAMN10762493,simple,4081,Solanum lycopersicum,GSM3566719,,,,,,,no,,,,,GEO,SRA835595,,public,544CA011C7E1E9EDE3C56167A57ED24B,CBD03EBC60EBF577C1388A1FC2750B9B
SRR8450361,2020-01-01 12:16:45,2019-01-17 08:03:01,9751751,1310943472,0,134,976,,https://sra-downloadb.be-md.ncbi.nlm.nih.gov/sos12/sra-pub-zq-1216/SRR008/8450/SRR8450361/SRR8450361.lite.1,SRX5257293,,RNA-Seq,cDNA,TRANSCRIPTOMIC,SINGLE,0,0,ION_TORRENT,Ion Torrent Proton,SRP179922,PRJNA515609,3,515609,SRS4258486,SAMN10762498,simple,4081,Solanum lycopersicum,GSM3566714,,,,,,,no,,,,,GEO,SRA835595,,public,8E5C3CD3D87060099B11D08C0D36790F,B4430FB89F89E092C82BCA635D16AF26
SRR8450363,2020-01-01 12:16:45,2019-01-17 08:02:58,11522401,1463101269,0,126,1080,,https://sra-downloadb.be-md.ncbi.nlm.nih.gov/sos12/sra-pub-zq-1216/SRR008/8450/SRR8450363/SRR8450363.lite.1,SRX5257294,,RNA-Seq,cDNA,TRANSCRIPTOMIC,SINGLE,0,0,ION_TORRENT,Ion Torrent Proton,SRP179922,PRJNA515609,3,515609,SRS4258487,SAMN10762497,simple,4081,Solanum lycopersicum,GSM3566715,,,,,,,no,,,,,GEO,SRA835595,,public,9E199962423B8B7751D64B82E7D07AFD,2DBC4CEE09C8376EED892A09D1F87067
SRR8450365,2020-01-01 12:16:45,2019-01-17 08:01:27,8487249,1225491101,0,144,906,,https://sra-downloadb.be-md.ncbi.nlm.nih.gov/sos9/sra-pub-zq-922/SRR008/8450/SRR8450365/SRR8450365.lite.1,SRX5257295,,RNA-Seq,cDNA,TRANSCRIPTOMIC,SINGLE,0,0,ION_TORRENT,Ion Torrent Proton,SRP179922,PRJNA515609,3,515609,SRS4258488,SAMN10762496,simple,4081,Solanum lycopersicum,GSM3566716,,,,,,,no,,,,,GEO,SRA835595,,public,88C31DD18A1E0F3DFECD55839B9EFA67,1B97802732BB2ED9EDFD1A432CBD2C75
SRR8450368,2020-01-01 12:16:45,2019-01-17 08:00:11,1439716,198183827,0,137,145,,https://sra-downloadb.be-md.ncbi.nlm.nih.gov/sos13/sra-pub-zq-1301/SRR008/8450/SRR8450368/SRR8450368.lite.1,SRX5257296,,RNA-Seq,cDNA,TRANSCRIPTOMIC,SINGLE,0,0,ION_TORRENT,Ion Torrent Proton,SRP179922,PRJNA515609,3,515609,SRS4258489,SAMN10762495,simple,4081,Solanum lycopersicum,GSM3566717,,,,,,,no,,,,,GEO,SRA835595,,public,85F8B3EFBCD3E4DBB05198907449F382,ED1FF77C81AE310B02FB288778ADC0B3
SRR8450370,2020-01-01 12:16:45,2019-01-17 08:01:03,3535829,503261867,0,142,371,,https://sra-downloadb.be-md.ncbi.nlm.nih.gov/sos9/sra-pub-zq-924/SRR008/8450/SRR8450370/SRR8450370.lite.1,SRX5257297,,RNA-Seq,cDNA,TRANSCRIPTOMIC,SINGLE,0,0,ION_TORRENT,Ion Torrent Proton,SRP179922,PRJNA515609,3,515609,SRS4258490,SAMN10762494,simple,4081,Solanum lycopersicum,GSM3566718,,,,,,,no,,,,,GEO,SRA835595,,public,351C6D65BCFA3F3C90AC1114165B57B3,BCAC48E01FA54285D0319F820807E52F
SRR8450346,2021-07-17 07:53:07,2019-01-17 08:01:07,4384019,721204517,0,164,529,,https://sra-downloadb.be-md.ncbi.nlm.nih.gov/sos13/sra-pub-zq-1301/SRR008/8450/SRR8450346/SRR8450346.lite.1,SRX5257286,,RNA-Seq,cDNA,TRANSCRIPTOMIC,SINGLE,0,0,ION_TORRENT,Ion Torrent Proton,SRP179921,PRJNA515607,3,515607,SRS4258481,SAMN10762503,simple,4081,Solanum lycopersicum,GSM3566709,,,,,,,no,,,,,GEO,SRA835594,,public,734A42EEAAF76A5FB0E12037AFB04A73,A52CAB512A64E4ECB99DC79C0FE2F346
SRR8450351,2021-07-17 07:53:07,2019-01-17 08:00:30,4758385,670190183,0,140,491,,https://sra-downloadb.be-md.ncbi.nlm.nih.gov/sos13/sra-pub-zq-1301/SRR008/8450/SRR8450351/SRR8450351.lite.1,SRX5257287,,RNA-Seq,cDNA,TRANSCRIPTOMIC,SINGLE,0,0,ION_TORRENT,Ion Torrent Proton,SRP179921,PRJNA515607,3,515607,SRS4258482,SAMN10762502,simple,4081,Solanum lycopersicum,GSM3566710,,,,,,,no,,,,,GEO,SRA835594,,public,7B4B02FC02BF39218068EA3D5B757EE6,59185DDD6DAF04C9464002523BC8153B
SRR8450355,2020-01-01 12:16:45,2019-01-17 08:01:49,6502218,951497531,0,146,706,,https://sra-downloadb.be-md.ncbi.nlm.nih.gov/sos9/sra-pub-zq-922/SRR008/8450/SRR8450355/SRR8450355.lite.1,SRX5257290,,RNA-Seq,cDNA,TRANSCRIPTOMIC,SINGLE,0,0,ION_TORRENT,Ion Torrent Proton,SRP179922,PRJNA515609,3,515609,SRS4258483,SAMN10762501,simple,4081,Solanum lycopersicum,GSM3566711,,,,,,,no,,,,,GEO,SRA835595,,public,45085593EF02517D697B8C23A4D285A9,78BF5D2D080AE0B5B2318F53F56A0DCB
SRR8450357,2020-01-01 12:16:45,2019-01-17 08:01:27,5272468,794241797,0,150,590,,https://sra-downloadb.be-md.ncbi.nlm.nih.gov/sos9/sra-pub-zq-922/SRR008/8450/SRR8450357/SRR8450357.lite.1,SRX5257291,,RNA-Seq,cDNA,TRANSCRIPTOMIC,SINGLE,0,0,ION_TORRENT,Ion Torrent Proton,SRP179922,PRJNA515609,3,515609,SRS4258484,SAMN10762500,simple,4081,Solanum lycopersicum,GSM3566712,,,,,,,no,,,,,GEO,SRA835595,,public,BBAF242028AC7112471B72FAB18849D9,A7660294CF1983191322C1BAAAB178EB
SRR8450359,2020-01-01 12:16:45,2019-01-17 08:01:24,11084129,1215713942,0,109,899,,https://sra-downloadb.be-md.ncbi.nlm.nih.gov/sos9/sra-pub-zq-922/SRR008/8450/SRR8450359/SRR8450359.lite.1,SRX5257292,,RNA-Seq,cDNA,TRANSCRIPTOMIC,SINGLE,0,0,ION_TORRENT,Ion Torrent Proton,SRP179922,PRJNA515609,3,515609,SRS4258485,SAMN10762499,simple,4081,Solanum lycopersicum,GSM3566713,,,,,,,no,,,,,GEO,SRA835595,,public,3BBA0B96AADC3498B07259707FAB80DC,A56B227B35A6290A9E7A64C48396C909
SRR8450321,2021-07-17 07:53:06,2019-01-17 08:01:29,3774735,628616179,0,166,457,,https://sra-downloadb.be-md.ncbi.nlm.nih.gov/sos13/sra-pub-zq-1301/SRR008/8450/SRR8450321/SRR8450321.lite.1,SRX5257281,,RNA-Seq,cDNA,TRANSCRIPTOMIC,SINGLE,0,0,ION_TORRENT,Ion Torrent Proton,SRP179921,PRJNA515607,3,515607,SRS4258476,SAMN10762490,simple,4081,Solanum lycopersicum,GSM3566704,,,,,,,no,,,,,GEO,SRA835594,,public,E405DD60A1A0DD2D6CE6196CB9B1CB7C,9CC5481A5642089A382D664D11EF454E
SRR8450323,2021-07-17 07:53:06,2019-01-17 07:59:48,377915,57620805,0,152,41,,https://sra-downloadb.be-md.ncbi.nlm.nih.gov/sos13/sra-pub-zq-1301/SRR008/8450/SRR8450323/SRR8450323.lite.1,SRX5257282,,RNA-Seq,cDNA,TRANSCRIPTOMIC,SINGLE,0,0,ION_TORRENT,Ion Torrent Proton,SRP179921,PRJNA515607,3,515607,SRS4258477,SAMN10762489,simple,4081,Solanum lycopersicum,GSM3566705,,,,,,,no,,,,,GEO,SRA835594,,public,EB8C83C33CE52664E5C41BEAF1F9DBD6,92D77E9BBA9E4315849A17CFB4A2FFD8
SRR8450327,2021-07-17 07:53:06,2019-01-17 08:03:15,15139180,2327765244,0,153,1706,,https://sra-downloadb.be-md.ncbi.nlm.nih.gov/sos13/sra-pub-zq-1301/SRR008/8450/SRR8450327/SRR8450327.lite.1,SRX5257282,,RNA-Seq,cDNA,TRANSCRIPTOMIC,SINGLE,0,0,ION_TORRENT,Ion Torrent Proton,SRP179921,PRJNA515607,3,515607,SRS4258477,SAMN10762489,simple,4081,Solanum lycopersicum,GSM3566705,,,,,,,no,,,,,GEO,SRA835594,,public,9848E9679EC03756F47ADA4C0ECD08E0,9B23378491D38D74CD52C602EF58AD7F
SRR8450331,2021-07-17 07:53:06,2019-01-17 08:00:01,1311989,211864706,0,161,150,,https://sra-downloadb.be-md.ncbi.nlm.nih.gov/sos13/sra-pub-zq-1301/SRR008/8450/SRR8450331/SRR8450331.lite.1,SRX5257283,,RNA-Seq,cDNA,TRANSCRIPTOMIC,SINGLE,0,0,ION_TORRENT,Ion Torrent Proton,SRP179921,PRJNA515607,3,515607,SRS4258478,SAMN10762488,simple,4081,Solanum lycopersicum,GSM3566706,,,,,,,no,,,,,GEO,SRA835594,,public,121534BC7DBE0D6FABEB40169B3BDC1E,37056C1E758381FB0960149D9621FBD7
SRR8450336,2021-07-17 07:53:06,2019-01-17 08:00:32,2818058,444470624,0,157,317,,https://sra-downloadb.be-md.ncbi.nlm.nih.gov/sos13/sra-pub-zq-1301/SRR008/8450/SRR8450336/SRR8450336.lite.1,SRX5257284,,RNA-Seq,cDNA,TRANSCRIPTOMIC,SINGLE,0,0,ION_TORRENT,Ion Torrent Proton,SRP179921,PRJNA515607,3,515607,SRS4258479,SAMN10762487,simple,4081,Solanum lycopersicum,GSM3566707,,,,,,,no,,,,,GEO,SRA835594,,public,B7DF0164461AEE7DDD212BD88AC954E1,767B3BE8115969B6E1E8855F470F16B1
SRR8450341,2021-07-17 07:53:06,2019-01-17 08:01:11,4115251,664989438,0,161,479,,https://sra-downloadb.be-md.ncbi.nlm.nih.gov/sos13/sra-pub-zq-1301/SRR008/8450/SRR8450341/SRR8450341.lite.1,SRX5257285,,RNA-Seq,cDNA,TRANSCRIPTOMIC,SINGLE,0,0,ION_TORRENT,Ion Torrent Proton,SRP179921,PRJNA515607,3,515607,SRS4258480,SAMN10762504,simple,4081,Solanum lycopersicum,GSM3566708,,,,,,,no,,,,,GEO,SRA835594,,public,7DA500E4FA0D3AB8C44024211752D12C,D038BE0AB0EE878F7B6E74E0EF3F5013
SRR5832179,2017-08-30 16:46:06,2017-07-17 13:11:43,19267467,963373350,0,50,446,,https://sra-downloadb.be-md.ncbi.nlm.nih.gov/sos12/sra-pub-zq-1214/SRR005/832/SRR5832179.sralite.1,SRX3009486,,RNA-Seq,cDNA,TRANSCRIPTOMIC,SINGLE,0,0,ILLUMINA,Illumina HiSeq 2000,SRP112566,PRJNA394727,2,394727,SRS2359569,SAMN07357910,simple,3486,Humulus lupulus,GSM2705485,,,,,,,no,,,,,GEO,SRA587461,,public,3632CD89B378F0DFA004E647D9C2F252,8A71EA7D00DE7C528D2BF74856CE5CA2
SRR5832180,2017-08-30 16:46:06,2017-07-17 13:12:05,17346772,867338600,0,50,403,,https://sra-downloadb.be-md.ncbi.nlm.nih.gov/sos12/sra-pub-zq-1214/SRR005/832/SRR5832180.sralite.1,SRX3009487,,RNA-Seq,cDNA,TRANSCRIPTOMIC,SINGLE,0,0,ILLUMINA,Illumina HiSeq 2000,SRP112566,PRJNA394727,2,394727,SRS2359570,SAMN07357909,simple,3486,Humulus lupulus,GSM2705486,,,,,,,no,,,,,GEO,SRA587461,,public,43CFF422AEF60E8BA0CAC316D530D4E0,052DC203827AD5C418F0A4E11E3E9B66
SRR5832181,2017-08-30 16:46:06,2017-07-17 13:11:46,16216724,810836200,0,50,374,,https://sra-downloadb.be-md.ncbi.nlm.nih.gov/sos12/sra-pub-zq-1214/SRR005/832/SRR5832181.sralite.1,SRX3009488,,RNA-Seq,cDNA,TRANSCRIPTOMIC,SINGLE,0,0,ILLUMINA,Illumina HiSeq 2000,SRP112566,PRJNA394727,2,394727,SRS2359571,SAMN07357908,simple,3486,Humulus lupulus,GSM2705487,,,,,,,no,,,,,GEO,SRA587461,,public,3DF5D32172ACE02E3DFB240694090DBD,9DF009C7738A546ADCF48F307D247318
SRR8450309,2021-07-17 07:53:06,2019-01-17 08:00:02,1299578,206154602,0,158,149,,https://sra-downloadb.be-md.ncbi.nlm.nih.gov/sos13/sra-pub-zq-1301/SRR008/8450/SRR8450309/SRR8450309.lite.1,SRX5257279,,RNA-Seq,cDNA,TRANSCRIPTOMIC,SINGLE,0,0,ION_TORRENT,Ion Torrent Proton,SRP179921,PRJNA515607,3,515607,SRS4258474,SAMN10762492,simple,4081,Solanum lycopersicum,GSM3566702,,,,,,,no,,,,,GEO,SRA835594,,public,DF0D1AF662CD74F865B20946266EBC58,C3DD0E9A49674A6336BCABD55FE1CD7C
SRR8450316,2021-07-17 07:53:06,2019-01-17 08:01:23,5225186,814428674,0,155,592,,https://sra-downloadb.be-md.ncbi.nlm.nih.gov/sos13/sra-pub-zq-1301/SRR008/8450/SRR8450316/SRR8450316.lite.1,SRX5257280,,RNA-Seq,cDNA,TRANSCRIPTOMIC,SINGLE,0,0,ION_TORRENT,Ion Torrent Proton,SRP179921,PRJNA515607,3,515607,SRS4258475,SAMN10762491,simple,4081,Solanum lycopersicum,GSM3566703,,,,,,,no,,,,,GEO,SRA835594,,public,4763A11B5695864C63C52F5AFD7719D9,B1B2CD1BAD12B4AEE5203A3E65F3F927
SRR5832174,2017-08-30 16:46:06,2017-07-17 13:12:38,23543056,1177152800,0,50,543,,https://sra-downloadb.be-md.ncbi.nlm.nih.gov/sos12/sra-pub-zq-1214/SRR005/832/SRR5832174.sralite.1,SRX3009481,,RNA-Seq,cDNA,TRANSCRIPTOMIC,SINGLE,0,0,ILLUMINA,Illumina HiSeq 2000,SRP112566,PRJNA394727,2,394727,SRS2359564,SAMN07357915,simple,3486,Humulus lupulus,GSM2705480,,,,,,,no,,,,,GEO,SRA587461,,public,0F3512034E289EA02F6C8F9B7B1ECBE5,C869E1E4530FA2B8788E8312D9EFF3CB
SRR5832175,2017-08-30 16:46:06,2017-07-17 13:11:34,17412058,870602900,0,50,404,,https://sra-downloadb.be-md.ncbi.nlm.nih.gov/sos12/sra-pub-zq-1214/SRR005/832/SRR5832175.sralite.1,SRX3009482,,RNA-Seq,cDNA,TRANSCRIPTOMIC,SINGLE,0,0,ILLUMINA,Illumina HiSeq 2000,SRP112566,PRJNA394727,2,394727,SRS2359566,SAMN07357914,simple,3486,Humulus lupulus,GSM2705481,,,,,,,no,,,,,GEO,SRA587461,,public,048AE07F0E52C58D5298853869672A69,C8EF6FD634878F57B0DA304F8CC2A55C
SRR5832170,2017-08-30 16:46:06,2017-07-17 13:10:54,22486527,1124326350,0,50,516,,https://sra-downloadb.be-md.ncbi.nlm.nih.gov/sos12/sra-pub-zq-1214/SRR005/832/SRR5832170.sralite.1,SRX3009477,,RNA-Seq,cDNA,TRANSCRIPTOMIC,SINGLE,0,0,ILLUMINA,Illumina HiSeq 2000,SRP112566,PRJNA394727,2,394727,SRS2359560,SAMN07357907,simple,3486,Humulus lupulus,GSM2705476,,,,,,,no,,,,,GEO,SRA587461,,public,7E35E4CF81E8CADEF932DF492ED2B6BD,E7418F631F3F382BD8CC1BA95DE49076
SRR5832171,2017-08-30 16:46:06,2017-07-17 13:12:00,20384176,1019208800,0,50,472,,https://sra-downloadb.be-md.ncbi.nlm.nih.gov/sos12/sra-pub-zq-1214/SRR005/832/SRR5832171.sralite.1,SRX3009478,,RNA-Seq,cDNA,TRANSCRIPTOMIC,SINGLE,0,0,ILLUMINA,Illumina HiSeq 2000,SRP112566,PRJNA394727,2,394727,SRS2359561,SAMN07357906,simple,3486,Humulus lupulus,GSM2705477,,,,,,,no,,,,,GEO,SRA587461,,public,702F6050D89EAC2E91B7785D4DF331B1,72A702612E38F5153E1E240D22536B11
SRR5832172,2017-08-30 16:46:06,2017-07-17 13:12:03,19139169,956958450,0,50,444,,https://sra-downloadb.be-md.ncbi.nlm.nih.gov/sos12/sra-pub-zq-1214/SRR005/832/SRR5832172.sralite.1,SRX3009479,,RNA-Seq,cDNA,TRANSCRIPTOMIC,SINGLE,0,0,ILLUMINA,Illumina HiSeq 2000,SRP112566,PRJNA394727,2,394727,SRS2359562,SAMN07357917,simple,3486,Humulus lupulus,GSM2705478,,,,,,,no,,,,,GEO,SRA587461,,public,69C1977049E0222EBBD8034325E1E42C,063D4B7A9FB18CE298960B95AF993604
SRR5832173,2017-08-30 16:46:06,2017-07-17 13:11:35,18658502,932925100,0,50,432,,https://sra-downloadb.be-md.ncbi.nlm.nih.gov/sos12/sra-pub-zq-1214/SRR005/832/SRR5832173.sralite.1,SRX3009480,,RNA-Seq,cDNA,TRANSCRIPTOMIC,SINGLE,0,0,ILLUMINA,Illumina HiSeq 2000,SRP112566,PRJNA394727,2,394727,SRS2359563,SAMN07357916,simple,3486,Humulus lupulus,GSM2705479,,,,,,,no,,,,,GEO,SRA587461,,public,817B9299A2E6F787801490513D03B51D,5BFF61A9EF59CDCE664D3C26168D277A
