SAMN39748137	Hdgd	Hdgd	Solanum lycopersicum
SAMN00008412	Healthy_nectarine	Healthy_nectarine	Prunus persica var. nucipersica
SAMN52100075	Plant sample from Solanum tuberosum	Plant sample from Solanum tuberosum	Solanum tuberosum
SAMN52100074	Plant sample from Solanum tuberosum	Plant sample from Solanum tuberosum	Solanum tuberosum
SAMN52100073	Plant sample from Solanum tuberosum	Plant sample from Solanum tuberosum	Solanum tuberosum
SAMN52100072	Plant sample from Solanum tuberosum	Plant sample from Solanum tuberosum	Solanum tuberosum
SAMN52100071	Plant sample from Solanum tuberosum	Plant sample from Solanum tuberosum	Solanum tuberosum
SAMN52100070	Plant sample from Solanum tuberosum	Plant sample from Solanum tuberosum	Solanum tuberosum
SAMN52100069	Plant sample from Solanum tuberosum	Plant sample from Solanum tuberosum	Solanum tuberosum
SAMN52100068	Plant sample from Solanum tuberosum	Plant sample from Solanum tuberosum	Solanum tuberosum
SAMN52100067	Plant sample from Solanum tuberosum	Plant sample from Solanum tuberosum	Solanum tuberosum
SAMN52100066	Plant sample from Solanum tuberosum	Plant sample from Solanum tuberosum	Solanum tuberosum
SAMN52100065	Plant sample from Solanum tuberosum	Plant sample from Solanum tuberosum	Solanum tuberosum
SAMN52100064	Plant sample from Solanum tuberosum	Plant sample from Solanum tuberosum	Solanum tuberosum
SAMN42585727	Plant sample from Solanum tuberosum	Plant sample from Solanum tuberosum	Solanum tuberosum
SAMN42585726	Plant sample from Solanum tuberosum	Plant sample from Solanum tuberosum	Solanum tuberosum
SAMN42585725	Plant sample from Solanum tuberosum	Plant sample from Solanum tuberosum	Solanum tuberosum
SAMN42585724	Plant sample from Solanum tuberosum	Plant sample from Solanum tuberosum	Solanum tuberosum
SAMN42585723	Plant sample from Solanum tuberosum	Plant sample from Solanum tuberosum	Solanum tuberosum
SAMN42585722	Plant sample from Solanum tuberosum	Plant sample from Solanum tuberosum	Solanum tuberosum
SAMD01688528	CSVd-infected Chrysanthemum morifolium leaves for dsRNA-seq	CSVd-infected Chrysanthemum morifolium leaves for dsRNA-seq	Chrysanthemum x morifolium
SAMEA118819032	Coconut palm import pool 3	Coconut palm import pool 3	Cocos nucifera
SAMEA118819030	Coconut palm import pool 1	Coconut palm import pool 1	Cocos nucifera
SAMEA118819031	Coconut palm import pool 2	Coconut palm import pool 2	Cocos nucifera
SAMEA117990592	Leaf sample from Malus domestica cv. Kanzi infected with AHVd	Leaf sample from Malus domestica cv. Kanzi infected with AHVd	Malus domestica
SAMD00155294	CSVd-infected chrysanthmum	CSVd-infected chrysanthmum	Chrysanthemum x morifolium
SAMD00155293	Health chrysanthemum	Health chrysanthemum	Chrysanthemum x morifolium
SAMN24790342	Plant sample from Cucumis sativus	Plant sample from Cucumis sativus	Cucumis sativus
SAMN24790341	Plant sample from Cucumis sativus	Plant sample from Cucumis sativus	Cucumis sativus
SAMN24790340	Plant sample from Cucumis sativus	Plant sample from Cucumis sativus	Cucumis sativus
SAMN24790339	Plant sample from Cucumis sativus	Plant sample from Cucumis sativus	Cucumis sativus
SAMN24790338	Plant sample from Cucumis sativus	Plant sample from Cucumis sativus	Cucumis sativus
SAMN24790337	Plant sample from Cucumis sativus	Plant sample from Cucumis sativus	Cucumis sativus
SAMN24790336	Plant sample from Cucumis sativus	Plant sample from Cucumis sativus	Cucumis sativus
SAMN24790335	Plant sample from Cucumis sativus	Plant sample from Cucumis sativus	Cucumis sativus
SAMN24790334	Plant sample from Cucumis sativus	Plant sample from Cucumis sativus	Cucumis sativus
SAMN24790333	Plant sample from Cucumis sativus	Plant sample from Cucumis sativus	Cucumis sativus
SAMN24790332	Plant sample from Cucumis sativus	Plant sample from Cucumis sativus	Cucumis sativus
SAMN24790331	Plant sample from Cucumis sativus	Plant sample from Cucumis sativus	Cucumis sativus
SAMN24790330	Plant sample from Cucumis sativus	Plant sample from Cucumis sativus	Cucumis sativus
SAMN24790329	Plant sample from Cucumis sativus	Plant sample from Cucumis sativus	Cucumis sativus
SAMN24790328	Plant sample from Cucumis sativus	Plant sample from Cucumis sativus	Cucumis sativus
SAMN24790327	Plant sample from Cucumis sativus	Plant sample from Cucumis sativus	Cucumis sativus
SAMN24790326	Plant sample from Cucumis sativus	Plant sample from Cucumis sativus	Cucumis sativus
SAMN24790325	Plant sample from Cucumis sativus	Plant sample from Cucumis sativus	Cucumis sativus
SAMN20608176	Plant sample from Citrus x aurantiifolia	Plant sample from Citrus x aurantiifolia	Citrus x aurantiifolia
SAMN31942360	Dendranthema grandiflora asymptomatic sector of CChMVd variant CM20 infected-leaf 2 total RNA	Dendranthema grandiflora asymptomatic sector of CChMVd variant CM20 infected-leaf 2 total RNA	Chrysanthemum x morifolium
SAMN31942359	Dendranthema grandiflora asymptomatic sector of CChMVd variant CM20 infected-leaf 1 total RNA	Dendranthema grandiflora asymptomatic sector of CChMVd variant CM20 infected-leaf 1 total RNA	Chrysanthemum x morifolium
SAMN31942358	Dendranthema grandiflora symptomatic sector of CChMVd variant CM20 infected-leaf 2 total RNA	Dendranthema grandiflora symptomatic sector of CChMVd variant CM20 infected-leaf 2 total RNA	Chrysanthemum x morifolium
SAMN31942357	Dendranthema grandiflora symptomatic sector of CChMVd variant CM20 infected-leaf 1 total RNA	Dendranthema grandiflora symptomatic sector of CChMVd variant CM20 infected-leaf 1 total RNA	Chrysanthemum x morifolium
SAMN31942356	Dendranthema grandiflora leaf total RNA	Dendranthema grandiflora leaf total RNA	Chrysanthemum x morifolium
SAMN33745912	Plant sample from Vitis vinifera	Plant sample from Vitis vinifera	Vitis vinifera
SAMN33745911	Plant sample from Vitis vinifera	Plant sample from Vitis vinifera	Vitis vinifera
SAMN33745910	Plant sample from Vitis vinifera	Plant sample from Vitis vinifera	Vitis vinifera
SAMN32361456	Plant sample from Solanum tuberosum	Plant sample from Solanum tuberosum	Solanum tuberosum
SAMN32361455	Plant sample from Solanum tuberosum	Plant sample from Solanum tuberosum	Solanum tuberosum
SAMN32361454	Plant sample from Solanum tuberosum	Plant sample from Solanum tuberosum	Solanum tuberosum
SAMN32361453	Plant sample from Solanum tuberosum	Plant sample from Solanum tuberosum	Solanum tuberosum
SAMN32361452	Plant sample from Solanum tuberosum	Plant sample from Solanum tuberosum	Solanum tuberosum
SAMN32361451	Plant sample from Solanum tuberosum	Plant sample from Solanum tuberosum	Solanum tuberosum
SAMN32361450	Plant sample from Solanum tuberosum	Plant sample from Solanum tuberosum	Solanum tuberosum
SAMN32361449	Plant sample from Solanum tuberosum	Plant sample from Solanum tuberosum	Solanum tuberosum
SAMN32361448	Plant sample from Solanum tuberosum	Plant sample from Solanum tuberosum	Solanum tuberosum
SAMN32361447	Plant sample from Solanum tuberosum	Plant sample from Solanum tuberosum	Solanum tuberosum
SAMN29133067	Plant sample from Solanum lycopersicum	Plant sample from Solanum lycopersicum	Solanum lycopersicum
SAMN29133066	Plant sample from Solanum lycopersicum	Plant sample from Solanum lycopersicum	Solanum lycopersicum
SAMN29133065	Plant sample from Solanum lycopersicum	Plant sample from Solanum lycopersicum	Solanum lycopersicum
SAMN29133064	Plant sample from Solanum lycopersicum	Plant sample from Solanum lycopersicum	Solanum lycopersicum
SAMN29133063	Plant sample from Solanum lycopersicum	Plant sample from Solanum lycopersicum	Solanum lycopersicum
SAMN29133062	Plant sample from Solanum lycopersicum	Plant sample from Solanum lycopersicum	Solanum lycopersicum
SAMN29133061	Plant sample from Solanum lycopersicum	Plant sample from Solanum lycopersicum	Solanum lycopersicum
SAMN29133060	Plant sample from Solanum lycopersicum	Plant sample from Solanum lycopersicum	Solanum lycopersicum
SAMN20608188	Plant sample from Ipomoea batatas	Plant sample from Ipomoea batatas	Ipomoea batatas
SAMN20608187	Plant sample from Fragaria x ananassa	Plant sample from Fragaria x ananassa	Fragaria x ananassa
SAMN20608186	Plant sample from Fragaria x ananassa	Plant sample from Fragaria x ananassa	Fragaria x ananassa
SAMN20608185	Plant sample from Fragaria x ananassa	Plant sample from Fragaria x ananassa	Fragaria x ananassa
SAMN20608184	Plant sample from Iris hybrid cultivar	Plant sample from Iris hybrid cultivar	Iris hybrid cultivar
SAMN20608183	Plant sample from Citrus medica	Plant sample from Citrus medica	Citrus medica
SAMN20608182	Plant sample from Miscanthus sinensis	Plant sample from Miscanthus sinensis	Miscanthus sinensis
SAMN20608181	Plant sample from Citrus	Plant sample from Citrus	Citrus
SAMN20608180	Plant sample from Citrus	Plant sample from Citrus	Citrus
SAMN20608179	Plant sample from Rubus idaeus	Plant sample from Rubus idaeus	Rubus idaeus
SAMN20608178	Plant sample from Rubus idaeus	Plant sample from Rubus idaeus	Rubus idaeus
SAMN20608177	Plant sample from Citrus medica	Plant sample from Citrus medica	Citrus medica
SAMN20608175	Plant sample from Prunus persica	Plant sample from Prunus persica	Prunus persica
SAMN20608174	Plant sample from Citrus	Plant sample from Citrus	Citrus
SAMN10762504	C-L-1	C-L-1	Solanum lycopersicum
SAMN10762503	C-L-2	C-L-2	Solanum lycopersicum
SAMN10762502	C-L-3	C-L-3	Solanum lycopersicum
SAMN10762492	M-L-1	M-L-1	Solanum lycopersicum
SAMN10762491	M-L-2	M-L-2	Solanum lycopersicum
SAMN10762490	M-L-3	M-L-3	Solanum lycopersicum
SAMN10762489	S23-L-1	S23-L-1	Solanum lycopersicum
SAMN10762488	S23-L-2	S23-L-2	Solanum lycopersicum
SAMN10762487	S23-L-3	S23-L-3	Solanum lycopersicum
SAMN15541087	Plant sample from Cucumis sativus	Plant sample from Cucumis sativus	Cucumis sativus
SAMN15541086	Plant sample from Humulus lupulus	Plant sample from Humulus lupulus	Humulus lupulus
SAMN10762501	M-R-1	M-R-1	Solanum lycopersicum
SAMN10762500	M-R-2	M-R-2	Solanum lycopersicum
SAMN10762499	M-R-3	M-R-3	Solanum lycopersicum
SAMN10762498	S23-R-1	S23-R-1	Solanum lycopersicum
SAMN10762497	S23-R-2	S23-R-2	Solanum lycopersicum
SAMN10762496	S23-R-3	S23-R-3	Solanum lycopersicum
SAMN10762495	C-R-1	C-R-1	Solanum lycopersicum
SAMN10762494	C-R-2	C-R-2	Solanum lycopersicum
SAMN10762493	C-R-3	C-R-3	Solanum lycopersicum
SAMN11244946	Viroid free hop plants	Viroid free hop plants	Humulus lupulus
SAMN07357917	Control rep 3	Control rep 3	Humulus lupulus
SAMN07357916	HSVd rep 1	HSVd rep 1	Humulus lupulus
SAMN07357915	HSVd rep 2	HSVd rep 2	Humulus lupulus
SAMN07357914	HSVd rep 3	HSVd rep 3	Humulus lupulus
SAMN07357913	HPM rep 1	HPM rep 1	Humulus lupulus
SAMN07357912	HPM rep 2	HPM rep 2	Humulus lupulus
SAMN07357911	HPM rep 3	HPM rep 3	Humulus lupulus
SAMN07357910	HSVd-HPM rep 1	HSVd-HPM rep 1	Humulus lupulus
SAMN07357909	HSVd-HPM rep 2	HSVd-HPM rep 2	Humulus lupulus
SAMN07357908	HSVd-HPM rep 3	HSVd-HPM rep 3	Humulus lupulus
SAMN07357907	Control rep 1	Control rep 1	Humulus lupulus
SAMN07357906	Control rep 2	Control rep 2	Humulus lupulus
SAMN03734544	Tomato_PSTVd-I	Tomato_PSTVd-I	Solanum lycopersicum
SAMN03734543	Tomato_PSTVd-M	Tomato_PSTVd-M	Solanum lycopersicum
SAMN03734542	Tomato_control	Tomato_control	Solanum lycopersicum
SAMN02206256	General Sample for potato	General Sample for potato	Solanum tuberosum
SAMN00008411	Infected_peach	Infected_peach	Prunus persica
